Copyright 1986-2022 Xilinx, Inc. All Rights Reserved. Copyright 2022-2025 Advanced Micro Devices, Inc. All Rights Reserved.
---------------------------------------------------------------------------------------------------------------------------------------------------------------------------------------------------------------------------------------
| Tool Version : Vivado v.2025.2 (win64) Build 6299465 Fri Nov 14 19:35:11 GMT 2025
| Date         : Sat Sep 26 19:52:11 2026
| Host         : DESKTOP-J18F25H running 64-bit major release  (build 9200)
| Command      : report_timing_summary -max_paths 10 -routable_nets -report_unconstrained -file morse_top_timing_summary_routed.rpt -pb morse_top_timing_summary_routed.pb -rpx morse_top_timing_summary_routed.rpx -warn_on_violation
| Design       : morse_top
| Device       : 7z020-clg400
| Speed File   : -1  PRODUCTION 1.12 2019-11-22
| Design State : Routed
---------------------------------------------------------------------------------------------------------------------------------------------------------------------------------------------------------------------------------------

Timing Summary Report

------------------------------------------------------------------------------------------------
| Timer Settings
| --------------
------------------------------------------------------------------------------------------------

  Enable Multi Corner Analysis               :  Yes
  Enable Pessimism Removal                   :  Yes
  Pessimism Removal Resolution               :  Nearest Common Node
  Enable Input Delay Default Clock           :  No
  Enable Preset / Clear Arcs                 :  No
  Disable Flight Delays                      :  No
  Ignore I/O Paths                           :  No
  Timing Early Launch at Borrowing Latches   :  No
  Borrow Time for Max Delay Exceptions       :  Yes
  Merge Timing Exceptions                    :  Yes
  Inter-SLR Compensation                     :  Conservative

  Corner  Analyze    Analyze    
  Name    Max Paths  Min Paths  
  ------  ---------  ---------  
  Slow    Yes        Yes        
  Fast    Yes        Yes        


------------------------------------------------------------------------------------------------
| Report Methodology
| ------------------
------------------------------------------------------------------------------------------------

Rule       Severity  Description                                 Violations  
---------  --------  ------------------------------------------  ----------  
SYNTH-6    Warning   Timing of a RAM block might be sub-optimal  1           
TIMING-18  Warning   Missing input or output delay               11          

Note: This report is based on the most recent report_methodology run and may not be up-to-date. Run report_methodology on the current design for the latest report.



check_timing report

Table of Contents
-----------------
1. checking no_clock (0)
2. checking constant_clock (0)
3. checking pulse_width_clock (0)
4. checking unconstrained_internal_endpoints (0)
5. checking no_input_delay (2)
6. checking no_output_delay (8)
7. checking multiple_clock (0)
8. checking generated_clocks (0)
9. checking loops (0)
10. checking partial_input_delay (0)
11. checking partial_output_delay (0)
12. checking latch_loops (0)

1. checking no_clock (0)
------------------------
 There are 0 register/latch pins with no clock.


2. checking constant_clock (0)
------------------------------
 There are 0 register/latch pins with constant_clock.


3. checking pulse_width_clock (0)
---------------------------------
 There are 0 register/latch pins which need pulse_width check


4. checking unconstrained_internal_endpoints (0)
------------------------------------------------
 There are 0 pins that are not constrained for maximum delay.

 There are 0 pins that are not constrained for maximum delay due to constant clock.


5. checking no_input_delay (2)
------------------------------
 There are 2 input ports with no input delay specified. (HIGH)

 There are 0 input ports with no input delay but user has a false path constraint.


6. checking no_output_delay (8)
-------------------------------
 There are 8 ports with no output delay specified. (HIGH)

 There are 0 ports with no output delay but user has a false path constraint

 There are 0 ports with no output delay but with a timing clock defined on it or propagating through it


7. checking multiple_clock (0)
------------------------------
 There are 0 register/latch pins with multiple clocks.


8. checking generated_clocks (0)
--------------------------------
 There are 0 generated clocks that are not connected to a clock source.


9. checking loops (0)
---------------------
 There are 0 combinational loops in the design.


10. checking partial_input_delay (0)
------------------------------------
 There are 0 input ports with partial input delay specified.


11. checking partial_output_delay (0)
-------------------------------------
 There are 0 ports with partial output delay specified.


12. checking latch_loops (0)
----------------------------
 There are 0 combinational latch loops in the design through latch input



------------------------------------------------------------------------------------------------
| Design Timing Summary
| ---------------------
------------------------------------------------------------------------------------------------

    WNS(ns)      TNS(ns)  TNS Failing Endpoints  TNS Total Endpoints      WHS(ns)      THS(ns)  THS Failing Endpoints  THS Total Endpoints     WPWS(ns)     TPWS(ns)  TPWS Failing Endpoints  TPWS Total Endpoints  
    -------      -------  ---------------------  -------------------      -------      -------  ---------------------  -------------------     --------     --------  ----------------------  --------------------  
      3.445        0.000                      0                   98        0.174        0.000                      0                   98        3.500        0.000                       0                    59  


All user specified timing constraints are met.


------------------------------------------------------------------------------------------------
| Clock Summary
| -------------
------------------------------------------------------------------------------------------------

Clock        Waveform(ns)         Period(ns)      Frequency(MHz)
-----        ------------         ----------      --------------
sys_clk_pin  {0.000 4.000}        8.000           125.000         


------------------------------------------------------------------------------------------------
| Intra Clock Table
| -----------------
------------------------------------------------------------------------------------------------

Clock             WNS(ns)      TNS(ns)  TNS Failing Endpoints  TNS Total Endpoints      WHS(ns)      THS(ns)  THS Failing Endpoints  THS Total Endpoints     WPWS(ns)     TPWS(ns)  TPWS Failing Endpoints  TPWS Total Endpoints  
-----             -------      -------  ---------------------  -------------------      -------      -------  ---------------------  -------------------     --------     --------  ----------------------  --------------------  
sys_clk_pin         3.445        0.000                      0                   98        0.174        0.000                      0                   98        3.500        0.000                       0                    59  


------------------------------------------------------------------------------------------------
| Inter Clock Table
| -----------------
------------------------------------------------------------------------------------------------

From Clock    To Clock          WNS(ns)      TNS(ns)  TNS Failing Endpoints  TNS Total Endpoints      WHS(ns)      THS(ns)  THS Failing Endpoints  THS Total Endpoints  
----------    --------          -------      -------  ---------------------  -------------------      -------      -------  ---------------------  -------------------  


------------------------------------------------------------------------------------------------
| Other Path Groups Table
| -----------------------
------------------------------------------------------------------------------------------------

Path Group    From Clock    To Clock          WNS(ns)      TNS(ns)  TNS Failing Endpoints  TNS Total Endpoints      WHS(ns)      THS(ns)  THS Failing Endpoints  THS Total Endpoints  
----------    ----------    --------          -------      -------  ---------------------  -------------------      -------      -------  ---------------------  -------------------  


------------------------------------------------------------------------------------------------
| User Ignored Path Table
| -----------------------
------------------------------------------------------------------------------------------------

Path Group    From Clock    To Clock    
----------    ----------    --------    


------------------------------------------------------------------------------------------------
| Unconstrained Path Table
| ------------------------
------------------------------------------------------------------------------------------------

Path Group    From Clock    To Clock    
----------    ----------    --------    
(none)        sys_clk_pin                 
(none)                      sys_clk_pin   


------------------------------------------------------------------------------------------------
| Timing Details
| --------------
------------------------------------------------------------------------------------------------


---------------------------------------------------------------------------------------------------
From Clock:  sys_clk_pin
  To Clock:  sys_clk_pin

Setup :            0  Failing Endpoints,  Worst Slack        3.445ns,  Total Violation        0.000ns
Hold  :            0  Failing Endpoints,  Worst Slack        0.174ns,  Total Violation        0.000ns
PW    :            0  Failing Endpoints,  Worst Slack        3.500ns,  Total Violation        0.000ns
---------------------------------------------------------------------------------------------------


Max Delay Paths
--------------------------------------------------------------------------------------
Slack (MET) :             3.445ns  (required time - arrival time)
  Source:                 fsm_inst/gap_ms_reg[3]/C
                            (rising edge-triggered cell FDRE clocked by sys_clk_pin  {rise@0.000ns fall@4.000ns period=8.000ns})
  Destination:            fsm_inst/symbol_bits_reg[0]/CE
                            (rising edge-triggered cell FDRE clocked by sys_clk_pin  {rise@0.000ns fall@4.000ns period=8.000ns})
  Path Group:             sys_clk_pin
  Path Type:              Setup (Max at Slow Process Corner)
  Requirement:            8.000ns  (sys_clk_pin rise@8.000ns - sys_clk_pin rise@0.000ns)
  Data Path Delay:        4.252ns  (logic 1.196ns (28.128%)  route 3.056ns (71.872%))
  Logic Levels:           3  (LUT5=1 LUT6=2)
  Clock Path Skew:        -0.063ns (DCD - SCD + CPR)
    Destination Clock Delay (DCD):    5.371ns = ( 13.371 - 8.000 ) 
    Source Clock Delay      (SCD):    5.858ns
    Clock Pessimism Removal (CPR):    0.423ns
  Clock Uncertainty:      0.035ns  ((TSJ^2 + TIJ^2)^1/2 + DJ) / 2 + PE
    Total System Jitter     (TSJ):    0.071ns
    Total Input Jitter      (TIJ):    0.000ns
    Discrete Jitter          (DJ):    0.000ns
    Phase Error              (PE):    0.000ns

    Location             Delay type                Incr(ns)  Path(ns)    Netlist Resource(s)
  -------------------------------------------------------------------    -------------------
                         (clock sys_clk_pin rise edge)
                                                      0.000     0.000 r  
    H16                                               0.000     0.000 r  sys_clk (IN)
                         net (fo=0)                   0.000     0.000    sys_clk
    H16                  IBUF (Prop_ibuf_I_O)         1.451     1.451 r  sys_clk_IBUF_inst/O
                         net (fo=1, routed)           2.522     3.973    sys_clk_IBUF
    BUFGCTRL_X0Y16       BUFG (Prop_bufg_I_O)         0.101     4.074 r  sys_clk_IBUF_BUFG_inst/O
                         net (fo=58, routed)          1.784     5.858    fsm_inst/clk
    SLICE_X103Y92        FDRE                                         r  fsm_inst/gap_ms_reg[3]/C
  -------------------------------------------------------------------    -------------------
    SLICE_X103Y92        FDRE (Prop_fdre_C_Q)         0.419     6.277 r  fsm_inst/gap_ms_reg[3]/Q
                         net (fo=5, routed)           0.865     7.141    fsm_inst/gap_ms_reg[3]
    SLICE_X104Y92        LUT5 (Prop_lut5_I1_O)        0.325     7.466 f  fsm_inst/FSM_sequential_state[1]_i_3/O
                         net (fo=1, routed)           0.454     7.921    fsm_inst/FSM_sequential_state[1]_i_3_n_0
    SLICE_X105Y92        LUT6 (Prop_lut6_I1_O)        0.328     8.249 r  fsm_inst/FSM_sequential_state[1]_i_2/O
                         net (fo=5, routed)           1.015     9.264    fsm_inst/FSM_sequential_state[1]_i_2_n_0
    SLICE_X107Y87        LUT6 (Prop_lut6_I1_O)        0.124     9.388 r  fsm_inst/symbol_bits[4]_i_1/O
                         net (fo=8, routed)           0.721    10.110    fsm_inst/symbol_bits[4]_i_1_n_0
    SLICE_X105Y90        FDRE                                         r  fsm_inst/symbol_bits_reg[0]/CE
  -------------------------------------------------------------------    -------------------

                         (clock sys_clk_pin rise edge)
                                                      8.000     8.000 r  
    H16                                               0.000     8.000 r  sys_clk (IN)
                         net (fo=0)                   0.000     8.000    sys_clk
    H16                  IBUF (Prop_ibuf_I_O)         1.380     9.380 r  sys_clk_IBUF_inst/O
                         net (fo=1, routed)           2.293    11.673    sys_clk_IBUF
    BUFGCTRL_X0Y16       BUFG (Prop_bufg_I_O)         0.091    11.764 r  sys_clk_IBUF_BUFG_inst/O
                         net (fo=58, routed)          1.607    13.371    fsm_inst/clk
    SLICE_X105Y90        FDRE                                         r  fsm_inst/symbol_bits_reg[0]/C
                         clock pessimism              0.423    13.795    
                         clock uncertainty           -0.035    13.759    
    SLICE_X105Y90        FDRE (Setup_fdre_C_CE)      -0.205    13.554    fsm_inst/symbol_bits_reg[0]
  -------------------------------------------------------------------
                         required time                         13.554    
                         arrival time                         -10.110    
  -------------------------------------------------------------------
                         slack                                  3.445    

Slack (MET) :             3.445ns  (required time - arrival time)
  Source:                 fsm_inst/gap_ms_reg[3]/C
                            (rising edge-triggered cell FDRE clocked by sys_clk_pin  {rise@0.000ns fall@4.000ns period=8.000ns})
  Destination:            fsm_inst/symbol_bits_reg[4]/CE
                            (rising edge-triggered cell FDRE clocked by sys_clk_pin  {rise@0.000ns fall@4.000ns period=8.000ns})
  Path Group:             sys_clk_pin
  Path Type:              Setup (Max at Slow Process Corner)
  Requirement:            8.000ns  (sys_clk_pin rise@8.000ns - sys_clk_pin rise@0.000ns)
  Data Path Delay:        4.252ns  (logic 1.196ns (28.128%)  route 3.056ns (71.872%))
  Logic Levels:           3  (LUT5=1 LUT6=2)
  Clock Path Skew:        -0.063ns (DCD - SCD + CPR)
    Destination Clock Delay (DCD):    5.371ns = ( 13.371 - 8.000 ) 
    Source Clock Delay      (SCD):    5.858ns
    Clock Pessimism Removal (CPR):    0.423ns
  Clock Uncertainty:      0.035ns  ((TSJ^2 + TIJ^2)^1/2 + DJ) / 2 + PE
    Total System Jitter     (TSJ):    0.071ns
    Total Input Jitter      (TIJ):    0.000ns
    Discrete Jitter          (DJ):    0.000ns
    Phase Error              (PE):    0.000ns

    Location             Delay type                Incr(ns)  Path(ns)    Netlist Resource(s)
  -------------------------------------------------------------------    -------------------
                         (clock sys_clk_pin rise edge)
                                                      0.000     0.000 r  
    H16                                               0.000     0.000 r  sys_clk (IN)
                         net (fo=0)                   0.000     0.000    sys_clk
    H16                  IBUF (Prop_ibuf_I_O)         1.451     1.451 r  sys_clk_IBUF_inst/O
                         net (fo=1, routed)           2.522     3.973    sys_clk_IBUF
    BUFGCTRL_X0Y16       BUFG (Prop_bufg_I_O)         0.101     4.074 r  sys_clk_IBUF_BUFG_inst/O
                         net (fo=58, routed)          1.784     5.858    fsm_inst/clk
    SLICE_X103Y92        FDRE                                         r  fsm_inst/gap_ms_reg[3]/C
  -------------------------------------------------------------------    -------------------
    SLICE_X103Y92        FDRE (Prop_fdre_C_Q)         0.419     6.277 r  fsm_inst/gap_ms_reg[3]/Q
                         net (fo=5, routed)           0.865     7.141    fsm_inst/gap_ms_reg[3]
    SLICE_X104Y92        LUT5 (Prop_lut5_I1_O)        0.325     7.466 f  fsm_inst/FSM_sequential_state[1]_i_3/O
                         net (fo=1, routed)           0.454     7.921    fsm_inst/FSM_sequential_state[1]_i_3_n_0
    SLICE_X105Y92        LUT6 (Prop_lut6_I1_O)        0.328     8.249 r  fsm_inst/FSM_sequential_state[1]_i_2/O
                         net (fo=5, routed)           1.015     9.264    fsm_inst/FSM_sequential_state[1]_i_2_n_0
    SLICE_X107Y87        LUT6 (Prop_lut6_I1_O)        0.124     9.388 r  fsm_inst/symbol_bits[4]_i_1/O
                         net (fo=8, routed)           0.721    10.110    fsm_inst/symbol_bits[4]_i_1_n_0
    SLICE_X105Y90        FDRE                                         r  fsm_inst/symbol_bits_reg[4]/CE
  -------------------------------------------------------------------    -------------------

                         (clock sys_clk_pin rise edge)
                                                      8.000     8.000 r  
    H16                                               0.000     8.000 r  sys_clk (IN)
                         net (fo=0)                   0.000     8.000    sys_clk
    H16                  IBUF (Prop_ibuf_I_O)         1.380     9.380 r  sys_clk_IBUF_inst/O
                         net (fo=1, routed)           2.293    11.673    sys_clk_IBUF
    BUFGCTRL_X0Y16       BUFG (Prop_bufg_I_O)         0.091    11.764 r  sys_clk_IBUF_BUFG_inst/O
                         net (fo=58, routed)          1.607    13.371    fsm_inst/clk
    SLICE_X105Y90        FDRE                                         r  fsm_inst/symbol_bits_reg[4]/C
                         clock pessimism              0.423    13.795    
                         clock uncertainty           -0.035    13.759    
    SLICE_X105Y90        FDRE (Setup_fdre_C_CE)      -0.205    13.554    fsm_inst/symbol_bits_reg[4]
  -------------------------------------------------------------------
                         required time                         13.554    
                         arrival time                         -10.110    
  -------------------------------------------------------------------
                         slack                                  3.445    

Slack (MET) :             3.481ns  (required time - arrival time)
  Source:                 fsm_inst/gap_ms_reg[3]/C
                            (rising edge-triggered cell FDRE clocked by sys_clk_pin  {rise@0.000ns fall@4.000ns period=8.000ns})
  Destination:            fsm_inst/symbol_bits_reg[1]/CE
                            (rising edge-triggered cell FDRE clocked by sys_clk_pin  {rise@0.000ns fall@4.000ns period=8.000ns})
  Path Group:             sys_clk_pin
  Path Type:              Setup (Max at Slow Process Corner)
  Requirement:            8.000ns  (sys_clk_pin rise@8.000ns - sys_clk_pin rise@0.000ns)
  Data Path Delay:        4.252ns  (logic 1.196ns (28.128%)  route 3.056ns (71.872%))
  Logic Levels:           3  (LUT5=1 LUT6=2)
  Clock Path Skew:        -0.063ns (DCD - SCD + CPR)
    Destination Clock Delay (DCD):    5.371ns = ( 13.371 - 8.000 ) 
    Source Clock Delay      (SCD):    5.858ns
    Clock Pessimism Removal (CPR):    0.423ns
  Clock Uncertainty:      0.035ns  ((TSJ^2 + TIJ^2)^1/2 + DJ) / 2 + PE
    Total System Jitter     (TSJ):    0.071ns
    Total Input Jitter      (TIJ):    0.000ns
    Discrete Jitter          (DJ):    0.000ns
    Phase Error              (PE):    0.000ns

    Location             Delay type                Incr(ns)  Path(ns)    Netlist Resource(s)
  -------------------------------------------------------------------    -------------------
                         (clock sys_clk_pin rise edge)
                                                      0.000     0.000 r  
    H16                                               0.000     0.000 r  sys_clk (IN)
                         net (fo=0)                   0.000     0.000    sys_clk
    H16                  IBUF (Prop_ibuf_I_O)         1.451     1.451 r  sys_clk_IBUF_inst/O
                         net (fo=1, routed)           2.522     3.973    sys_clk_IBUF
    BUFGCTRL_X0Y16       BUFG (Prop_bufg_I_O)         0.101     4.074 r  sys_clk_IBUF_BUFG_inst/O
                         net (fo=58, routed)          1.784     5.858    fsm_inst/clk
    SLICE_X103Y92        FDRE                                         r  fsm_inst/gap_ms_reg[3]/C
  -------------------------------------------------------------------    -------------------
    SLICE_X103Y92        FDRE (Prop_fdre_C_Q)         0.419     6.277 r  fsm_inst/gap_ms_reg[3]/Q
                         net (fo=5, routed)           0.865     7.141    fsm_inst/gap_ms_reg[3]
    SLICE_X104Y92        LUT5 (Prop_lut5_I1_O)        0.325     7.466 f  fsm_inst/FSM_sequential_state[1]_i_3/O
                         net (fo=1, routed)           0.454     7.921    fsm_inst/FSM_sequential_state[1]_i_3_n_0
    SLICE_X105Y92        LUT6 (Prop_lut6_I1_O)        0.328     8.249 r  fsm_inst/FSM_sequential_state[1]_i_2/O
                         net (fo=5, routed)           1.015     9.264    fsm_inst/FSM_sequential_state[1]_i_2_n_0
    SLICE_X107Y87        LUT6 (Prop_lut6_I1_O)        0.124     9.388 r  fsm_inst/symbol_bits[4]_i_1/O
                         net (fo=8, routed)           0.721    10.110    fsm_inst/symbol_bits[4]_i_1_n_0
    SLICE_X104Y90        FDRE                                         r  fsm_inst/symbol_bits_reg[1]/CE
  -------------------------------------------------------------------    -------------------

                         (clock sys_clk_pin rise edge)
                                                      8.000     8.000 r  
    H16                                               0.000     8.000 r  sys_clk (IN)
                         net (fo=0)                   0.000     8.000    sys_clk
    H16                  IBUF (Prop_ibuf_I_O)         1.380     9.380 r  sys_clk_IBUF_inst/O
                         net (fo=1, routed)           2.293    11.673    sys_clk_IBUF
    BUFGCTRL_X0Y16       BUFG (Prop_bufg_I_O)         0.091    11.764 r  sys_clk_IBUF_BUFG_inst/O
                         net (fo=58, routed)          1.607    13.371    fsm_inst/clk
    SLICE_X104Y90        FDRE                                         r  fsm_inst/symbol_bits_reg[1]/C
                         clock pessimism              0.423    13.795    
                         clock uncertainty           -0.035    13.759    
    SLICE_X104Y90        FDRE (Setup_fdre_C_CE)      -0.169    13.590    fsm_inst/symbol_bits_reg[1]
  -------------------------------------------------------------------
                         required time                         13.590    
                         arrival time                         -10.110    
  -------------------------------------------------------------------
                         slack                                  3.481    

Slack (MET) :             3.481ns  (required time - arrival time)
  Source:                 fsm_inst/gap_ms_reg[3]/C
                            (rising edge-triggered cell FDRE clocked by sys_clk_pin  {rise@0.000ns fall@4.000ns period=8.000ns})
  Destination:            fsm_inst/symbol_bits_reg[2]/CE
                            (rising edge-triggered cell FDRE clocked by sys_clk_pin  {rise@0.000ns fall@4.000ns period=8.000ns})
  Path Group:             sys_clk_pin
  Path Type:              Setup (Max at Slow Process Corner)
  Requirement:            8.000ns  (sys_clk_pin rise@8.000ns - sys_clk_pin rise@0.000ns)
  Data Path Delay:        4.252ns  (logic 1.196ns (28.128%)  route 3.056ns (71.872%))
  Logic Levels:           3  (LUT5=1 LUT6=2)
  Clock Path Skew:        -0.063ns (DCD - SCD + CPR)
    Destination Clock Delay (DCD):    5.371ns = ( 13.371 - 8.000 ) 
    Source Clock Delay      (SCD):    5.858ns
    Clock Pessimism Removal (CPR):    0.423ns
  Clock Uncertainty:      0.035ns  ((TSJ^2 + TIJ^2)^1/2 + DJ) / 2 + PE
    Total System Jitter     (TSJ):    0.071ns
    Total Input Jitter      (TIJ):    0.000ns
    Discrete Jitter          (DJ):    0.000ns
    Phase Error              (PE):    0.000ns

    Location             Delay type                Incr(ns)  Path(ns)    Netlist Resource(s)
  -------------------------------------------------------------------    -------------------
                         (clock sys_clk_pin rise edge)
                                                      0.000     0.000 r  
    H16                                               0.000     0.000 r  sys_clk (IN)
                         net (fo=0)                   0.000     0.000    sys_clk
    H16                  IBUF (Prop_ibuf_I_O)         1.451     1.451 r  sys_clk_IBUF_inst/O
                         net (fo=1, routed)           2.522     3.973    sys_clk_IBUF
    BUFGCTRL_X0Y16       BUFG (Prop_bufg_I_O)         0.101     4.074 r  sys_clk_IBUF_BUFG_inst/O
                         net (fo=58, routed)          1.784     5.858    fsm_inst/clk
    SLICE_X103Y92        FDRE                                         r  fsm_inst/gap_ms_reg[3]/C
  -------------------------------------------------------------------    -------------------
    SLICE_X103Y92        FDRE (Prop_fdre_C_Q)         0.419     6.277 r  fsm_inst/gap_ms_reg[3]/Q
                         net (fo=5, routed)           0.865     7.141    fsm_inst/gap_ms_reg[3]
    SLICE_X104Y92        LUT5 (Prop_lut5_I1_O)        0.325     7.466 f  fsm_inst/FSM_sequential_state[1]_i_3/O
                         net (fo=1, routed)           0.454     7.921    fsm_inst/FSM_sequential_state[1]_i_3_n_0
    SLICE_X105Y92        LUT6 (Prop_lut6_I1_O)        0.328     8.249 r  fsm_inst/FSM_sequential_state[1]_i_2/O
                         net (fo=5, routed)           1.015     9.264    fsm_inst/FSM_sequential_state[1]_i_2_n_0
    SLICE_X107Y87        LUT6 (Prop_lut6_I1_O)        0.124     9.388 r  fsm_inst/symbol_bits[4]_i_1/O
                         net (fo=8, routed)           0.721    10.110    fsm_inst/symbol_bits[4]_i_1_n_0
    SLICE_X104Y90        FDRE                                         r  fsm_inst/symbol_bits_reg[2]/CE
  -------------------------------------------------------------------    -------------------

                         (clock sys_clk_pin rise edge)
                                                      8.000     8.000 r  
    H16                                               0.000     8.000 r  sys_clk (IN)
                         net (fo=0)                   0.000     8.000    sys_clk
    H16                  IBUF (Prop_ibuf_I_O)         1.380     9.380 r  sys_clk_IBUF_inst/O
                         net (fo=1, routed)           2.293    11.673    sys_clk_IBUF
    BUFGCTRL_X0Y16       BUFG (Prop_bufg_I_O)         0.091    11.764 r  sys_clk_IBUF_BUFG_inst/O
                         net (fo=58, routed)          1.607    13.371    fsm_inst/clk
    SLICE_X104Y90        FDRE                                         r  fsm_inst/symbol_bits_reg[2]/C
                         clock pessimism              0.423    13.795    
                         clock uncertainty           -0.035    13.759    
    SLICE_X104Y90        FDRE (Setup_fdre_C_CE)      -0.169    13.590    fsm_inst/symbol_bits_reg[2]
  -------------------------------------------------------------------
                         required time                         13.590    
                         arrival time                         -10.110    
  -------------------------------------------------------------------
                         slack                                  3.481    

Slack (MET) :             3.481ns  (required time - arrival time)
  Source:                 fsm_inst/gap_ms_reg[3]/C
                            (rising edge-triggered cell FDRE clocked by sys_clk_pin  {rise@0.000ns fall@4.000ns period=8.000ns})
  Destination:            fsm_inst/symbol_bits_reg[3]/CE
                            (rising edge-triggered cell FDRE clocked by sys_clk_pin  {rise@0.000ns fall@4.000ns period=8.000ns})
  Path Group:             sys_clk_pin
  Path Type:              Setup (Max at Slow Process Corner)
  Requirement:            8.000ns  (sys_clk_pin rise@8.000ns - sys_clk_pin rise@0.000ns)
  Data Path Delay:        4.252ns  (logic 1.196ns (28.128%)  route 3.056ns (71.872%))
  Logic Levels:           3  (LUT5=1 LUT6=2)
  Clock Path Skew:        -0.063ns (DCD - SCD + CPR)
    Destination Clock Delay (DCD):    5.371ns = ( 13.371 - 8.000 ) 
    Source Clock Delay      (SCD):    5.858ns
    Clock Pessimism Removal (CPR):    0.423ns
  Clock Uncertainty:      0.035ns  ((TSJ^2 + TIJ^2)^1/2 + DJ) / 2 + PE
    Total System Jitter     (TSJ):    0.071ns
    Total Input Jitter      (TIJ):    0.000ns
    Discrete Jitter          (DJ):    0.000ns
    Phase Error              (PE):    0.000ns

    Location             Delay type                Incr(ns)  Path(ns)    Netlist Resource(s)
  -------------------------------------------------------------------    -------------------
                         (clock sys_clk_pin rise edge)
                                                      0.000     0.000 r  
    H16                                               0.000     0.000 r  sys_clk (IN)
                         net (fo=0)                   0.000     0.000    sys_clk
    H16                  IBUF (Prop_ibuf_I_O)         1.451     1.451 r  sys_clk_IBUF_inst/O
                         net (fo=1, routed)           2.522     3.973    sys_clk_IBUF
    BUFGCTRL_X0Y16       BUFG (Prop_bufg_I_O)         0.101     4.074 r  sys_clk_IBUF_BUFG_inst/O
                         net (fo=58, routed)          1.784     5.858    fsm_inst/clk
    SLICE_X103Y92        FDRE                                         r  fsm_inst/gap_ms_reg[3]/C
  -------------------------------------------------------------------    -------------------
    SLICE_X103Y92        FDRE (Prop_fdre_C_Q)         0.419     6.277 r  fsm_inst/gap_ms_reg[3]/Q
                         net (fo=5, routed)           0.865     7.141    fsm_inst/gap_ms_reg[3]
    SLICE_X104Y92        LUT5 (Prop_lut5_I1_O)        0.325     7.466 f  fsm_inst/FSM_sequential_state[1]_i_3/O
                         net (fo=1, routed)           0.454     7.921    fsm_inst/FSM_sequential_state[1]_i_3_n_0
    SLICE_X105Y92        LUT6 (Prop_lut6_I1_O)        0.328     8.249 r  fsm_inst/FSM_sequential_state[1]_i_2/O
                         net (fo=5, routed)           1.015     9.264    fsm_inst/FSM_sequential_state[1]_i_2_n_0
    SLICE_X107Y87        LUT6 (Prop_lut6_I1_O)        0.124     9.388 r  fsm_inst/symbol_bits[4]_i_1/O
                         net (fo=8, routed)           0.721    10.110    fsm_inst/symbol_bits[4]_i_1_n_0
    SLICE_X104Y90        FDRE                                         r  fsm_inst/symbol_bits_reg[3]/CE
  -------------------------------------------------------------------    -------------------

                         (clock sys_clk_pin rise edge)
                                                      8.000     8.000 r  
    H16                                               0.000     8.000 r  sys_clk (IN)
                         net (fo=0)                   0.000     8.000    sys_clk
    H16                  IBUF (Prop_ibuf_I_O)         1.380     9.380 r  sys_clk_IBUF_inst/O
                         net (fo=1, routed)           2.293    11.673    sys_clk_IBUF
    BUFGCTRL_X0Y16       BUFG (Prop_bufg_I_O)         0.091    11.764 r  sys_clk_IBUF_BUFG_inst/O
                         net (fo=58, routed)          1.607    13.371    fsm_inst/clk
    SLICE_X104Y90        FDRE                                         r  fsm_inst/symbol_bits_reg[3]/C
                         clock pessimism              0.423    13.795    
                         clock uncertainty           -0.035    13.759    
    SLICE_X104Y90        FDRE (Setup_fdre_C_CE)      -0.169    13.590    fsm_inst/symbol_bits_reg[3]
  -------------------------------------------------------------------
                         required time                         13.590    
                         arrival time                         -10.110    
  -------------------------------------------------------------------
                         slack                                  3.481    

Slack (MET) :             3.481ns  (required time - arrival time)
  Source:                 fsm_inst/gap_ms_reg[3]/C
                            (rising edge-triggered cell FDRE clocked by sys_clk_pin  {rise@0.000ns fall@4.000ns period=8.000ns})
  Destination:            fsm_inst/symbol_count_reg[0]/CE
                            (rising edge-triggered cell FDRE clocked by sys_clk_pin  {rise@0.000ns fall@4.000ns period=8.000ns})
  Path Group:             sys_clk_pin
  Path Type:              Setup (Max at Slow Process Corner)
  Requirement:            8.000ns  (sys_clk_pin rise@8.000ns - sys_clk_pin rise@0.000ns)
  Data Path Delay:        4.252ns  (logic 1.196ns (28.128%)  route 3.056ns (71.872%))
  Logic Levels:           3  (LUT5=1 LUT6=2)
  Clock Path Skew:        -0.063ns (DCD - SCD + CPR)
    Destination Clock Delay (DCD):    5.371ns = ( 13.371 - 8.000 ) 
    Source Clock Delay      (SCD):    5.858ns
    Clock Pessimism Removal (CPR):    0.423ns
  Clock Uncertainty:      0.035ns  ((TSJ^2 + TIJ^2)^1/2 + DJ) / 2 + PE
    Total System Jitter     (TSJ):    0.071ns
    Total Input Jitter      (TIJ):    0.000ns
    Discrete Jitter          (DJ):    0.000ns
    Phase Error              (PE):    0.000ns

    Location             Delay type                Incr(ns)  Path(ns)    Netlist Resource(s)
  -------------------------------------------------------------------    -------------------
                         (clock sys_clk_pin rise edge)
                                                      0.000     0.000 r  
    H16                                               0.000     0.000 r  sys_clk (IN)
                         net (fo=0)                   0.000     0.000    sys_clk
    H16                  IBUF (Prop_ibuf_I_O)         1.451     1.451 r  sys_clk_IBUF_inst/O
                         net (fo=1, routed)           2.522     3.973    sys_clk_IBUF
    BUFGCTRL_X0Y16       BUFG (Prop_bufg_I_O)         0.101     4.074 r  sys_clk_IBUF_BUFG_inst/O
                         net (fo=58, routed)          1.784     5.858    fsm_inst/clk
    SLICE_X103Y92        FDRE                                         r  fsm_inst/gap_ms_reg[3]/C
  -------------------------------------------------------------------    -------------------
    SLICE_X103Y92        FDRE (Prop_fdre_C_Q)         0.419     6.277 r  fsm_inst/gap_ms_reg[3]/Q
                         net (fo=5, routed)           0.865     7.141    fsm_inst/gap_ms_reg[3]
    SLICE_X104Y92        LUT5 (Prop_lut5_I1_O)        0.325     7.466 f  fsm_inst/FSM_sequential_state[1]_i_3/O
                         net (fo=1, routed)           0.454     7.921    fsm_inst/FSM_sequential_state[1]_i_3_n_0
    SLICE_X105Y92        LUT6 (Prop_lut6_I1_O)        0.328     8.249 r  fsm_inst/FSM_sequential_state[1]_i_2/O
                         net (fo=5, routed)           1.015     9.264    fsm_inst/FSM_sequential_state[1]_i_2_n_0
    SLICE_X107Y87        LUT6 (Prop_lut6_I1_O)        0.124     9.388 r  fsm_inst/symbol_bits[4]_i_1/O
                         net (fo=8, routed)           0.721    10.110    fsm_inst/symbol_bits[4]_i_1_n_0
    SLICE_X104Y90        FDRE                                         r  fsm_inst/symbol_count_reg[0]/CE
  -------------------------------------------------------------------    -------------------

                         (clock sys_clk_pin rise edge)
                                                      8.000     8.000 r  
    H16                                               0.000     8.000 r  sys_clk (IN)
                         net (fo=0)                   0.000     8.000    sys_clk
    H16                  IBUF (Prop_ibuf_I_O)         1.380     9.380 r  sys_clk_IBUF_inst/O
                         net (fo=1, routed)           2.293    11.673    sys_clk_IBUF
    BUFGCTRL_X0Y16       BUFG (Prop_bufg_I_O)         0.091    11.764 r  sys_clk_IBUF_BUFG_inst/O
                         net (fo=58, routed)          1.607    13.371    fsm_inst/clk
    SLICE_X104Y90        FDRE                                         r  fsm_inst/symbol_count_reg[0]/C
                         clock pessimism              0.423    13.795    
                         clock uncertainty           -0.035    13.759    
    SLICE_X104Y90        FDRE (Setup_fdre_C_CE)      -0.169    13.590    fsm_inst/symbol_count_reg[0]
  -------------------------------------------------------------------
                         required time                         13.590    
                         arrival time                         -10.110    
  -------------------------------------------------------------------
                         slack                                  3.481    

Slack (MET) :             3.481ns  (required time - arrival time)
  Source:                 fsm_inst/gap_ms_reg[3]/C
                            (rising edge-triggered cell FDRE clocked by sys_clk_pin  {rise@0.000ns fall@4.000ns period=8.000ns})
  Destination:            fsm_inst/symbol_count_reg[1]/CE
                            (rising edge-triggered cell FDRE clocked by sys_clk_pin  {rise@0.000ns fall@4.000ns period=8.000ns})
  Path Group:             sys_clk_pin
  Path Type:              Setup (Max at Slow Process Corner)
  Requirement:            8.000ns  (sys_clk_pin rise@8.000ns - sys_clk_pin rise@0.000ns)
  Data Path Delay:        4.252ns  (logic 1.196ns (28.128%)  route 3.056ns (71.872%))
  Logic Levels:           3  (LUT5=1 LUT6=2)
  Clock Path Skew:        -0.063ns (DCD - SCD + CPR)
    Destination Clock Delay (DCD):    5.371ns = ( 13.371 - 8.000 ) 
    Source Clock Delay      (SCD):    5.858ns
    Clock Pessimism Removal (CPR):    0.423ns
  Clock Uncertainty:      0.035ns  ((TSJ^2 + TIJ^2)^1/2 + DJ) / 2 + PE
    Total System Jitter     (TSJ):    0.071ns
    Total Input Jitter      (TIJ):    0.000ns
    Discrete Jitter          (DJ):    0.000ns
    Phase Error              (PE):    0.000ns

    Location             Delay type                Incr(ns)  Path(ns)    Netlist Resource(s)
  -------------------------------------------------------------------    -------------------
                         (clock sys_clk_pin rise edge)
                                                      0.000     0.000 r  
    H16                                               0.000     0.000 r  sys_clk (IN)
                         net (fo=0)                   0.000     0.000    sys_clk
    H16                  IBUF (Prop_ibuf_I_O)         1.451     1.451 r  sys_clk_IBUF_inst/O
                         net (fo=1, routed)           2.522     3.973    sys_clk_IBUF
    BUFGCTRL_X0Y16       BUFG (Prop_bufg_I_O)         0.101     4.074 r  sys_clk_IBUF_BUFG_inst/O
                         net (fo=58, routed)          1.784     5.858    fsm_inst/clk
    SLICE_X103Y92        FDRE                                         r  fsm_inst/gap_ms_reg[3]/C
  -------------------------------------------------------------------    -------------------
    SLICE_X103Y92        FDRE (Prop_fdre_C_Q)         0.419     6.277 r  fsm_inst/gap_ms_reg[3]/Q
                         net (fo=5, routed)           0.865     7.141    fsm_inst/gap_ms_reg[3]
    SLICE_X104Y92        LUT5 (Prop_lut5_I1_O)        0.325     7.466 f  fsm_inst/FSM_sequential_state[1]_i_3/O
                         net (fo=1, routed)           0.454     7.921    fsm_inst/FSM_sequential_state[1]_i_3_n_0
    SLICE_X105Y92        LUT6 (Prop_lut6_I1_O)        0.328     8.249 r  fsm_inst/FSM_sequential_state[1]_i_2/O
                         net (fo=5, routed)           1.015     9.264    fsm_inst/FSM_sequential_state[1]_i_2_n_0
    SLICE_X107Y87        LUT6 (Prop_lut6_I1_O)        0.124     9.388 r  fsm_inst/symbol_bits[4]_i_1/O
                         net (fo=8, routed)           0.721    10.110    fsm_inst/symbol_bits[4]_i_1_n_0
    SLICE_X104Y90        FDRE                                         r  fsm_inst/symbol_count_reg[1]/CE
  -------------------------------------------------------------------    -------------------

                         (clock sys_clk_pin rise edge)
                                                      8.000     8.000 r  
    H16                                               0.000     8.000 r  sys_clk (IN)
                         net (fo=0)                   0.000     8.000    sys_clk
    H16                  IBUF (Prop_ibuf_I_O)         1.380     9.380 r  sys_clk_IBUF_inst/O
                         net (fo=1, routed)           2.293    11.673    sys_clk_IBUF
    BUFGCTRL_X0Y16       BUFG (Prop_bufg_I_O)         0.091    11.764 r  sys_clk_IBUF_BUFG_inst/O
                         net (fo=58, routed)          1.607    13.371    fsm_inst/clk
    SLICE_X104Y90        FDRE                                         r  fsm_inst/symbol_count_reg[1]/C
                         clock pessimism              0.423    13.795    
                         clock uncertainty           -0.035    13.759    
    SLICE_X104Y90        FDRE (Setup_fdre_C_CE)      -0.169    13.590    fsm_inst/symbol_count_reg[1]
  -------------------------------------------------------------------
                         required time                         13.590    
                         arrival time                         -10.110    
  -------------------------------------------------------------------
                         slack                                  3.481    

Slack (MET) :             3.481ns  (required time - arrival time)
  Source:                 fsm_inst/gap_ms_reg[3]/C
                            (rising edge-triggered cell FDRE clocked by sys_clk_pin  {rise@0.000ns fall@4.000ns period=8.000ns})
  Destination:            fsm_inst/symbol_count_reg[2]/CE
                            (rising edge-triggered cell FDRE clocked by sys_clk_pin  {rise@0.000ns fall@4.000ns period=8.000ns})
  Path Group:             sys_clk_pin
  Path Type:              Setup (Max at Slow Process Corner)
  Requirement:            8.000ns  (sys_clk_pin rise@8.000ns - sys_clk_pin rise@0.000ns)
  Data Path Delay:        4.252ns  (logic 1.196ns (28.128%)  route 3.056ns (71.872%))
  Logic Levels:           3  (LUT5=1 LUT6=2)
  Clock Path Skew:        -0.063ns (DCD - SCD + CPR)
    Destination Clock Delay (DCD):    5.371ns = ( 13.371 - 8.000 ) 
    Source Clock Delay      (SCD):    5.858ns
    Clock Pessimism Removal (CPR):    0.423ns
  Clock Uncertainty:      0.035ns  ((TSJ^2 + TIJ^2)^1/2 + DJ) / 2 + PE
    Total System Jitter     (TSJ):    0.071ns
    Total Input Jitter      (TIJ):    0.000ns
    Discrete Jitter          (DJ):    0.000ns
    Phase Error              (PE):    0.000ns

    Location             Delay type                Incr(ns)  Path(ns)    Netlist Resource(s)
  -------------------------------------------------------------------    -------------------
                         (clock sys_clk_pin rise edge)
                                                      0.000     0.000 r  
    H16                                               0.000     0.000 r  sys_clk (IN)
                         net (fo=0)                   0.000     0.000    sys_clk
    H16                  IBUF (Prop_ibuf_I_O)         1.451     1.451 r  sys_clk_IBUF_inst/O
                         net (fo=1, routed)           2.522     3.973    sys_clk_IBUF
    BUFGCTRL_X0Y16       BUFG (Prop_bufg_I_O)         0.101     4.074 r  sys_clk_IBUF_BUFG_inst/O
                         net (fo=58, routed)          1.784     5.858    fsm_inst/clk
    SLICE_X103Y92        FDRE                                         r  fsm_inst/gap_ms_reg[3]/C
  -------------------------------------------------------------------    -------------------
    SLICE_X103Y92        FDRE (Prop_fdre_C_Q)         0.419     6.277 r  fsm_inst/gap_ms_reg[3]/Q
                         net (fo=5, routed)           0.865     7.141    fsm_inst/gap_ms_reg[3]
    SLICE_X104Y92        LUT5 (Prop_lut5_I1_O)        0.325     7.466 f  fsm_inst/FSM_sequential_state[1]_i_3/O
                         net (fo=1, routed)           0.454     7.921    fsm_inst/FSM_sequential_state[1]_i_3_n_0
    SLICE_X105Y92        LUT6 (Prop_lut6_I1_O)        0.328     8.249 r  fsm_inst/FSM_sequential_state[1]_i_2/O
                         net (fo=5, routed)           1.015     9.264    fsm_inst/FSM_sequential_state[1]_i_2_n_0
    SLICE_X107Y87        LUT6 (Prop_lut6_I1_O)        0.124     9.388 r  fsm_inst/symbol_bits[4]_i_1/O
                         net (fo=8, routed)           0.721    10.110    fsm_inst/symbol_bits[4]_i_1_n_0
    SLICE_X104Y90        FDRE                                         r  fsm_inst/symbol_count_reg[2]/CE
  -------------------------------------------------------------------    -------------------

                         (clock sys_clk_pin rise edge)
                                                      8.000     8.000 r  
    H16                                               0.000     8.000 r  sys_clk (IN)
                         net (fo=0)                   0.000     8.000    sys_clk
    H16                  IBUF (Prop_ibuf_I_O)         1.380     9.380 r  sys_clk_IBUF_inst/O
                         net (fo=1, routed)           2.293    11.673    sys_clk_IBUF
    BUFGCTRL_X0Y16       BUFG (Prop_bufg_I_O)         0.091    11.764 r  sys_clk_IBUF_BUFG_inst/O
                         net (fo=58, routed)          1.607    13.371    fsm_inst/clk
    SLICE_X104Y90        FDRE                                         r  fsm_inst/symbol_count_reg[2]/C
                         clock pessimism              0.423    13.795    
                         clock uncertainty           -0.035    13.759    
    SLICE_X104Y90        FDRE (Setup_fdre_C_CE)      -0.169    13.590    fsm_inst/symbol_count_reg[2]
  -------------------------------------------------------------------
                         required time                         13.590    
                         arrival time                         -10.110    
  -------------------------------------------------------------------
                         slack                                  3.481    

Slack (MET) :             3.675ns  (required time - arrival time)
  Source:                 fsm_inst/gap_ms_reg[3]/C
                            (rising edge-triggered cell FDRE clocked by sys_clk_pin  {rise@0.000ns fall@4.000ns period=8.000ns})
  Destination:            fsm_inst/raw_code_reg/ENARDEN
                            (rising edge-triggered cell RAMB18E1 clocked by sys_clk_pin  {rise@0.000ns fall@4.000ns period=8.000ns})
  Path Group:             sys_clk_pin
  Path Type:              Setup (Max at Slow Process Corner)
  Requirement:            8.000ns  (sys_clk_pin rise@8.000ns - sys_clk_pin rise@0.000ns)
  Data Path Delay:        3.828ns  (logic 1.196ns (31.245%)  route 2.632ns (68.755%))
  Logic Levels:           3  (LUT4=1 LUT5=1 LUT6=1)
  Clock Path Skew:        -0.019ns (DCD - SCD + CPR)
    Destination Clock Delay (DCD):    5.416ns = ( 13.416 - 8.000 ) 
    Source Clock Delay      (SCD):    5.858ns
    Clock Pessimism Removal (CPR):    0.423ns
  Clock Uncertainty:      0.035ns  ((TSJ^2 + TIJ^2)^1/2 + DJ) / 2 + PE
    Total System Jitter     (TSJ):    0.071ns
    Total Input Jitter      (TIJ):    0.000ns
    Discrete Jitter          (DJ):    0.000ns
    Phase Error              (PE):    0.000ns

    Location             Delay type                Incr(ns)  Path(ns)    Netlist Resource(s)
  -------------------------------------------------------------------    -------------------
                         (clock sys_clk_pin rise edge)
                                                      0.000     0.000 r  
    H16                                               0.000     0.000 r  sys_clk (IN)
                         net (fo=0)                   0.000     0.000    sys_clk
    H16                  IBUF (Prop_ibuf_I_O)         1.451     1.451 r  sys_clk_IBUF_inst/O
                         net (fo=1, routed)           2.522     3.973    sys_clk_IBUF
    BUFGCTRL_X0Y16       BUFG (Prop_bufg_I_O)         0.101     4.074 r  sys_clk_IBUF_BUFG_inst/O
                         net (fo=58, routed)          1.784     5.858    fsm_inst/clk
    SLICE_X103Y92        FDRE                                         r  fsm_inst/gap_ms_reg[3]/C
  -------------------------------------------------------------------    -------------------
    SLICE_X103Y92        FDRE (Prop_fdre_C_Q)         0.419     6.277 r  fsm_inst/gap_ms_reg[3]/Q
                         net (fo=5, routed)           0.865     7.141    fsm_inst/gap_ms_reg[3]
    SLICE_X104Y92        LUT5 (Prop_lut5_I1_O)        0.325     7.466 f  fsm_inst/FSM_sequential_state[1]_i_3/O
                         net (fo=1, routed)           0.454     7.921    fsm_inst/FSM_sequential_state[1]_i_3_n_0
    SLICE_X105Y92        LUT6 (Prop_lut6_I1_O)        0.328     8.249 r  fsm_inst/FSM_sequential_state[1]_i_2/O
                         net (fo=5, routed)           0.743     8.992    fsm_inst/FSM_sequential_state[1]_i_2_n_0
    SLICE_X106Y91        LUT4 (Prop_lut4_I3_O)        0.124     9.116 r  fsm_inst/raw_code_reg_i_1/O
                         net (fo=1, routed)           0.569     9.685    fsm_inst/raw_code_reg_i_1_n_0
    RAMB18_X5Y36         RAMB18E1                                     r  fsm_inst/raw_code_reg/ENARDEN
  -------------------------------------------------------------------    -------------------

                         (clock sys_clk_pin rise edge)
                                                      8.000     8.000 r  
    H16                                               0.000     8.000 r  sys_clk (IN)
                         net (fo=0)                   0.000     8.000    sys_clk
    H16                  IBUF (Prop_ibuf_I_O)         1.380     9.380 r  sys_clk_IBUF_inst/O
                         net (fo=1, routed)           2.293    11.673    sys_clk_IBUF
    BUFGCTRL_X0Y16       BUFG (Prop_bufg_I_O)         0.091    11.764 r  sys_clk_IBUF_BUFG_inst/O
                         net (fo=58, routed)          1.651    13.416    fsm_inst/clk
    RAMB18_X5Y36         RAMB18E1                                     r  fsm_inst/raw_code_reg/CLKARDCLK
                         clock pessimism              0.423    13.839    
                         clock uncertainty           -0.035    13.804    
    RAMB18_X5Y36         RAMB18E1 (Setup_ramb18e1_CLKARDCLK_ENARDEN)
                                                     -0.443    13.361    fsm_inst/raw_code_reg
  -------------------------------------------------------------------
                         required time                         13.361    
                         arrival time                          -9.685    
  -------------------------------------------------------------------
                         slack                                  3.675    

Slack (MET) :             4.142ns  (required time - arrival time)
  Source:                 fsm_inst/press_ms_reg[5]/C
                            (rising edge-triggered cell FDRE clocked by sys_clk_pin  {rise@0.000ns fall@4.000ns period=8.000ns})
  Destination:            fsm_inst/symbol_bits_reg[0]/D
                            (rising edge-triggered cell FDRE clocked by sys_clk_pin  {rise@0.000ns fall@4.000ns period=8.000ns})
  Path Group:             sys_clk_pin
  Path Type:              Setup (Max at Slow Process Corner)
  Requirement:            8.000ns  (sys_clk_pin rise@8.000ns - sys_clk_pin rise@0.000ns)
  Data Path Delay:        3.715ns  (logic 1.290ns (34.725%)  route 2.425ns (65.275%))
  Logic Levels:           3  (LUT2=1 LUT3=1 LUT6=1)
  Clock Path Skew:        -0.137ns (DCD - SCD + CPR)
    Destination Clock Delay (DCD):    5.371ns = ( 13.371 - 8.000 ) 
    Source Clock Delay      (SCD):    5.932ns
    Clock Pessimism Removal (CPR):    0.423ns
  Clock Uncertainty:      0.035ns  ((TSJ^2 + TIJ^2)^1/2 + DJ) / 2 + PE
    Total System Jitter     (TSJ):    0.071ns
    Total Input Jitter      (TIJ):    0.000ns
    Discrete Jitter          (DJ):    0.000ns
    Phase Error              (PE):    0.000ns

    Location             Delay type                Incr(ns)  Path(ns)    Netlist Resource(s)
  -------------------------------------------------------------------    -------------------
                         (clock sys_clk_pin rise edge)
                                                      0.000     0.000 r  
    H16                                               0.000     0.000 r  sys_clk (IN)
                         net (fo=0)                   0.000     0.000    sys_clk
    H16                  IBUF (Prop_ibuf_I_O)         1.451     1.451 r  sys_clk_IBUF_inst/O
                         net (fo=1, routed)           2.522     3.973    sys_clk_IBUF
    BUFGCTRL_X0Y16       BUFG (Prop_bufg_I_O)         0.101     4.074 r  sys_clk_IBUF_BUFG_inst/O
                         net (fo=58, routed)          1.858     5.932    fsm_inst/clk
    SLICE_X108Y86        FDRE                                         r  fsm_inst/press_ms_reg[5]/C
  -------------------------------------------------------------------    -------------------
    SLICE_X108Y86        FDRE (Prop_fdre_C_Q)         0.478     6.410 f  fsm_inst/press_ms_reg[5]/Q
                         net (fo=5, routed)           1.014     7.424    fsm_inst/press_ms_reg_n_0_[5]
    SLICE_X108Y86        LUT3 (Prop_lut3_I1_O)        0.333     7.757 r  fsm_inst/symbol_bits[4]_i_7/O
                         net (fo=1, routed)           0.307     8.064    fsm_inst/symbol_bits[4]_i_7_n_0
    SLICE_X108Y87        LUT6 (Prop_lut6_I4_O)        0.355     8.419 r  fsm_inst/symbol_bits[4]_i_3/O
                         net (fo=2, routed)           1.104     9.523    fsm_inst/symbol_bits[4]_i_3_n_0
    SLICE_X105Y90        LUT2 (Prop_lut2_I0_O)        0.124     9.647 r  fsm_inst/symbol_bits[0]_i_1/O
                         net (fo=1, routed)           0.000     9.647    fsm_inst/symbol_bits[0]
    SLICE_X105Y90        FDRE                                         r  fsm_inst/symbol_bits_reg[0]/D
  -------------------------------------------------------------------    -------------------

                         (clock sys_clk_pin rise edge)
                                                      8.000     8.000 r  
    H16                                               0.000     8.000 r  sys_clk (IN)
                         net (fo=0)                   0.000     8.000    sys_clk
    H16                  IBUF (Prop_ibuf_I_O)         1.380     9.380 r  sys_clk_IBUF_inst/O
                         net (fo=1, routed)           2.293    11.673    sys_clk_IBUF
    BUFGCTRL_X0Y16       BUFG (Prop_bufg_I_O)         0.091    11.764 r  sys_clk_IBUF_BUFG_inst/O
                         net (fo=58, routed)          1.607    13.371    fsm_inst/clk
    SLICE_X105Y90        FDRE                                         r  fsm_inst/symbol_bits_reg[0]/C
                         clock pessimism              0.423    13.795    
                         clock uncertainty           -0.035    13.759    
    SLICE_X105Y90        FDRE (Setup_fdre_C_D)        0.029    13.788    fsm_inst/symbol_bits_reg[0]
  -------------------------------------------------------------------
                         required time                         13.788    
                         arrival time                          -9.647    
  -------------------------------------------------------------------
                         slack                                  4.142    





Min Delay Paths
--------------------------------------------------------------------------------------
Slack (MET) :             0.174ns  (arrival time - required time)
  Source:                 fsm_inst/gap_ms_reg[2]/C
                            (rising edge-triggered cell FDRE clocked by sys_clk_pin  {rise@0.000ns fall@4.000ns period=8.000ns})
  Destination:            fsm_inst/gap_ms_reg[4]/D
                            (rising edge-triggered cell FDRE clocked by sys_clk_pin  {rise@0.000ns fall@4.000ns period=8.000ns})
  Path Group:             sys_clk_pin
  Path Type:              Hold (Min at Fast Process Corner)
  Requirement:            0.000ns  (sys_clk_pin rise@0.000ns - sys_clk_pin rise@0.000ns)
  Data Path Delay:        0.332ns  (logic 0.186ns (56.030%)  route 0.146ns (43.970%))
  Logic Levels:           1  (LUT6=1)
  Clock Path Skew:        0.037ns (DCD - SCD - CPR)
    Destination Clock Delay (DCD):    2.220ns
    Source Clock Delay      (SCD):    1.693ns
    Clock Pessimism Removal (CPR):    0.490ns

    Location             Delay type                Incr(ns)  Path(ns)    Netlist Resource(s)
  -------------------------------------------------------------------    -------------------
                         (clock sys_clk_pin rise edge)
                                                      0.000     0.000 r  
    H16                                               0.000     0.000 r  sys_clk (IN)
                         net (fo=0)                   0.000     0.000    sys_clk
    H16                  IBUF (Prop_ibuf_I_O)         0.219     0.219 r  sys_clk_IBUF_inst/O
                         net (fo=1, routed)           0.842     1.060    sys_clk_IBUF
    BUFGCTRL_X0Y16       BUFG (Prop_bufg_I_O)         0.026     1.086 r  sys_clk_IBUF_BUFG_inst/O
                         net (fo=58, routed)          0.607     1.693    fsm_inst/clk
    SLICE_X103Y92        FDRE                                         r  fsm_inst/gap_ms_reg[2]/C
  -------------------------------------------------------------------    -------------------
    SLICE_X103Y92        FDRE (Prop_fdre_C_Q)         0.141     1.834 r  fsm_inst/gap_ms_reg[2]/Q
                         net (fo=6, routed)           0.146     1.980    fsm_inst/gap_ms_reg[2]
    SLICE_X104Y92        LUT6 (Prop_lut6_I1_O)        0.045     2.025 r  fsm_inst/gap_ms[4]_i_1/O
                         net (fo=1, routed)           0.000     2.025    fsm_inst/p_0_in__0[4]
    SLICE_X104Y92        FDRE                                         r  fsm_inst/gap_ms_reg[4]/D
  -------------------------------------------------------------------    -------------------

                         (clock sys_clk_pin rise edge)
                                                      0.000     0.000 r  
    H16                                               0.000     0.000 r  sys_clk (IN)
                         net (fo=0)                   0.000     0.000    sys_clk
    H16                  IBUF (Prop_ibuf_I_O)         0.406     0.406 r  sys_clk_IBUF_inst/O
                         net (fo=1, routed)           0.907     1.313    sys_clk_IBUF
    BUFGCTRL_X0Y16       BUFG (Prop_bufg_I_O)         0.029     1.342 r  sys_clk_IBUF_BUFG_inst/O
                         net (fo=58, routed)          0.878     2.220    fsm_inst/clk
    SLICE_X104Y92        FDRE                                         r  fsm_inst/gap_ms_reg[4]/C
                         clock pessimism             -0.490     1.730    
    SLICE_X104Y92        FDRE (Hold_fdre_C_D)         0.121     1.851    fsm_inst/gap_ms_reg[4]
  -------------------------------------------------------------------
                         required time                         -1.851    
                         arrival time                           2.025    
  -------------------------------------------------------------------
                         slack                                  0.174    

Slack (MET) :             0.212ns  (arrival time - required time)
  Source:                 fsm_inst/press_ms_reg[8]/C
                            (rising edge-triggered cell FDRE clocked by sys_clk_pin  {rise@0.000ns fall@4.000ns period=8.000ns})
  Destination:            fsm_inst/press_ms_reg[9]/D
                            (rising edge-triggered cell FDRE clocked by sys_clk_pin  {rise@0.000ns fall@4.000ns period=8.000ns})
  Path Group:             sys_clk_pin
  Path Type:              Hold (Min at Fast Process Corner)
  Requirement:            0.000ns  (sys_clk_pin rise@0.000ns - sys_clk_pin rise@0.000ns)
  Data Path Delay:        0.347ns  (logic 0.186ns (53.548%)  route 0.161ns (46.452%))
  Logic Levels:           1  (LUT6=1)
  Clock Path Skew:        0.015ns (DCD - SCD - CPR)
    Destination Clock Delay (DCD):    2.243ns
    Source Clock Delay      (SCD):    1.718ns
    Clock Pessimism Removal (CPR):    0.510ns

    Location             Delay type                Incr(ns)  Path(ns)    Netlist Resource(s)
  -------------------------------------------------------------------    -------------------
                         (clock sys_clk_pin rise edge)
                                                      0.000     0.000 r  
    H16                                               0.000     0.000 r  sys_clk (IN)
                         net (fo=0)                   0.000     0.000    sys_clk
    H16                  IBUF (Prop_ibuf_I_O)         0.219     0.219 r  sys_clk_IBUF_inst/O
                         net (fo=1, routed)           0.842     1.060    sys_clk_IBUF
    BUFGCTRL_X0Y16       BUFG (Prop_bufg_I_O)         0.026     1.086 r  sys_clk_IBUF_BUFG_inst/O
                         net (fo=58, routed)          0.632     1.718    fsm_inst/clk
    SLICE_X107Y87        FDRE                                         r  fsm_inst/press_ms_reg[8]/C
  -------------------------------------------------------------------    -------------------
    SLICE_X107Y87        FDRE (Prop_fdre_C_Q)         0.141     1.859 r  fsm_inst/press_ms_reg[8]/Q
                         net (fo=4, routed)           0.161     2.021    fsm_inst/press_ms_reg_n_0_[8]
    SLICE_X108Y87        LUT6 (Prop_lut6_I3_O)        0.045     2.066 r  fsm_inst/press_ms[9]_i_2/O
                         net (fo=1, routed)           0.000     2.066    fsm_inst/press_ms[9]_i_2_n_0
    SLICE_X108Y87        FDRE                                         r  fsm_inst/press_ms_reg[9]/D
  -------------------------------------------------------------------    -------------------

                         (clock sys_clk_pin rise edge)
                                                      0.000     0.000 r  
    H16                                               0.000     0.000 r  sys_clk (IN)
                         net (fo=0)                   0.000     0.000    sys_clk
    H16                  IBUF (Prop_ibuf_I_O)         0.406     0.406 r  sys_clk_IBUF_inst/O
                         net (fo=1, routed)           0.907     1.313    sys_clk_IBUF
    BUFGCTRL_X0Y16       BUFG (Prop_bufg_I_O)         0.029     1.342 r  sys_clk_IBUF_BUFG_inst/O
                         net (fo=58, routed)          0.901     2.243    fsm_inst/clk
    SLICE_X108Y87        FDRE                                         r  fsm_inst/press_ms_reg[9]/C
                         clock pessimism             -0.510     1.733    
    SLICE_X108Y87        FDRE (Hold_fdre_C_D)         0.120     1.853    fsm_inst/press_ms_reg[9]
  -------------------------------------------------------------------
                         required time                         -1.853    
                         arrival time                           2.066    
  -------------------------------------------------------------------
                         slack                                  0.212    

Slack (MET) :             0.234ns  (arrival time - required time)
  Source:                 fsm_inst/gap_ms_reg[8]/C
                            (rising edge-triggered cell FDRE clocked by sys_clk_pin  {rise@0.000ns fall@4.000ns period=8.000ns})
  Destination:            fsm_inst/gap_ms_reg[9]/D
                            (rising edge-triggered cell FDRE clocked by sys_clk_pin  {rise@0.000ns fall@4.000ns period=8.000ns})
  Path Group:             sys_clk_pin
  Path Type:              Hold (Min at Fast Process Corner)
  Requirement:            0.000ns  (sys_clk_pin rise@0.000ns - sys_clk_pin rise@0.000ns)
  Data Path Delay:        0.326ns  (logic 0.226ns (69.367%)  route 0.100ns (30.633%))
  Logic Levels:           1  (LUT6=1)
  Clock Path Skew:        0.000ns (DCD - SCD - CPR)
    Destination Clock Delay (DCD):    2.220ns
    Source Clock Delay      (SCD):    1.693ns
    Clock Pessimism Removal (CPR):    0.527ns

    Location             Delay type                Incr(ns)  Path(ns)    Netlist Resource(s)
  -------------------------------------------------------------------    -------------------
                         (clock sys_clk_pin rise edge)
                                                      0.000     0.000 r  
    H16                                               0.000     0.000 r  sys_clk (IN)
                         net (fo=0)                   0.000     0.000    sys_clk
    H16                  IBUF (Prop_ibuf_I_O)         0.219     0.219 r  sys_clk_IBUF_inst/O
                         net (fo=1, routed)           0.842     1.060    sys_clk_IBUF
    BUFGCTRL_X0Y16       BUFG (Prop_bufg_I_O)         0.026     1.086 r  sys_clk_IBUF_BUFG_inst/O
                         net (fo=58, routed)          0.607     1.693    fsm_inst/clk
    SLICE_X105Y92        FDRE                                         r  fsm_inst/gap_ms_reg[8]/C
  -------------------------------------------------------------------    -------------------
    SLICE_X105Y92        FDRE (Prop_fdre_C_Q)         0.128     1.821 r  fsm_inst/gap_ms_reg[8]/Q
                         net (fo=3, routed)           0.100     1.921    fsm_inst/gap_ms_reg[8]
    SLICE_X105Y92        LUT6 (Prop_lut6_I3_O)        0.098     2.019 r  fsm_inst/gap_ms[9]_i_2/O
                         net (fo=1, routed)           0.000     2.019    fsm_inst/p_0_in__0[9]
    SLICE_X105Y92        FDRE                                         r  fsm_inst/gap_ms_reg[9]/D
  -------------------------------------------------------------------    -------------------

                         (clock sys_clk_pin rise edge)
                                                      0.000     0.000 r  
    H16                                               0.000     0.000 r  sys_clk (IN)
                         net (fo=0)                   0.000     0.000    sys_clk
    H16                  IBUF (Prop_ibuf_I_O)         0.406     0.406 r  sys_clk_IBUF_inst/O
                         net (fo=1, routed)           0.907     1.313    sys_clk_IBUF
    BUFGCTRL_X0Y16       BUFG (Prop_bufg_I_O)         0.029     1.342 r  sys_clk_IBUF_BUFG_inst/O
                         net (fo=58, routed)          0.878     2.220    fsm_inst/clk
    SLICE_X105Y92        FDRE                                         r  fsm_inst/gap_ms_reg[9]/C
                         clock pessimism             -0.527     1.693    
    SLICE_X105Y92        FDRE (Hold_fdre_C_D)         0.092     1.785    fsm_inst/gap_ms_reg[9]
  -------------------------------------------------------------------
                         required time                         -1.785    
                         arrival time                           2.019    
  -------------------------------------------------------------------
                         slack                                  0.234    

Slack (MET) :             0.249ns  (arrival time - required time)
  Source:                 fsm_inst/press_ms_reg[7]/C
                            (rising edge-triggered cell FDRE clocked by sys_clk_pin  {rise@0.000ns fall@4.000ns period=8.000ns})
  Destination:            fsm_inst/press_ms_reg[8]/D
                            (rising edge-triggered cell FDRE clocked by sys_clk_pin  {rise@0.000ns fall@4.000ns period=8.000ns})
  Path Group:             sys_clk_pin
  Path Type:              Hold (Min at Fast Process Corner)
  Requirement:            0.000ns  (sys_clk_pin rise@0.000ns - sys_clk_pin rise@0.000ns)
  Data Path Delay:        0.341ns  (logic 0.227ns (66.660%)  route 0.114ns (33.340%))
  Logic Levels:           1  (LUT6=1)
  Clock Path Skew:        0.000ns (DCD - SCD - CPR)
    Destination Clock Delay (DCD):    2.243ns
    Source Clock Delay      (SCD):    1.718ns
    Clock Pessimism Removal (CPR):    0.525ns

    Location             Delay type                Incr(ns)  Path(ns)    Netlist Resource(s)
  -------------------------------------------------------------------    -------------------
                         (clock sys_clk_pin rise edge)
                                                      0.000     0.000 r  
    H16                                               0.000     0.000 r  sys_clk (IN)
                         net (fo=0)                   0.000     0.000    sys_clk
    H16                  IBUF (Prop_ibuf_I_O)         0.219     0.219 r  sys_clk_IBUF_inst/O
                         net (fo=1, routed)           0.842     1.060    sys_clk_IBUF
    BUFGCTRL_X0Y16       BUFG (Prop_bufg_I_O)         0.026     1.086 r  sys_clk_IBUF_BUFG_inst/O
                         net (fo=58, routed)          0.632     1.718    fsm_inst/clk
    SLICE_X107Y87        FDRE                                         r  fsm_inst/press_ms_reg[7]/C
  -------------------------------------------------------------------    -------------------
    SLICE_X107Y87        FDRE (Prop_fdre_C_Q)         0.128     1.846 r  fsm_inst/press_ms_reg[7]/Q
                         net (fo=6, routed)           0.114     1.960    fsm_inst/press_ms_reg_n_0_[7]
    SLICE_X107Y87        LUT6 (Prop_lut6_I5_O)        0.099     2.059 r  fsm_inst/press_ms[8]_i_1/O
                         net (fo=1, routed)           0.000     2.059    fsm_inst/press_ms[8]_i_1_n_0
    SLICE_X107Y87        FDRE                                         r  fsm_inst/press_ms_reg[8]/D
  -------------------------------------------------------------------    -------------------

                         (clock sys_clk_pin rise edge)
                                                      0.000     0.000 r  
    H16                                               0.000     0.000 r  sys_clk (IN)
                         net (fo=0)                   0.000     0.000    sys_clk
    H16                  IBUF (Prop_ibuf_I_O)         0.406     0.406 r  sys_clk_IBUF_inst/O
                         net (fo=1, routed)           0.907     1.313    sys_clk_IBUF
    BUFGCTRL_X0Y16       BUFG (Prop_bufg_I_O)         0.029     1.342 r  sys_clk_IBUF_BUFG_inst/O
                         net (fo=58, routed)          0.901     2.243    fsm_inst/clk
    SLICE_X107Y87        FDRE                                         r  fsm_inst/press_ms_reg[8]/C
                         clock pessimism             -0.525     1.718    
    SLICE_X107Y87        FDRE (Hold_fdre_C_D)         0.092     1.810    fsm_inst/press_ms_reg[8]
  -------------------------------------------------------------------
                         required time                         -1.810    
                         arrival time                           2.059    
  -------------------------------------------------------------------
                         slack                                  0.249    

Slack (MET) :             0.249ns  (arrival time - required time)
  Source:                 tick_inst/count_reg[0]/C
                            (rising edge-triggered cell FDCE clocked by sys_clk_pin  {rise@0.000ns fall@4.000ns period=8.000ns})
  Destination:            tick_inst/count_reg[0]/D
                            (rising edge-triggered cell FDCE clocked by sys_clk_pin  {rise@0.000ns fall@4.000ns period=8.000ns})
  Path Group:             sys_clk_pin
  Path Type:              Hold (Min at Fast Process Corner)
  Requirement:            0.000ns  (sys_clk_pin rise@0.000ns - sys_clk_pin rise@0.000ns)
  Data Path Delay:        0.382ns  (logic 0.207ns (54.155%)  route 0.175ns (45.845%))
  Logic Levels:           1  (LUT1=1)
  Clock Path Skew:        0.000ns (DCD - SCD - CPR)
    Destination Clock Delay (DCD):    2.246ns
    Source Clock Delay      (SCD):    1.720ns
    Clock Pessimism Removal (CPR):    0.526ns

    Location             Delay type                Incr(ns)  Path(ns)    Netlist Resource(s)
  -------------------------------------------------------------------    -------------------
                         (clock sys_clk_pin rise edge)
                                                      0.000     0.000 r  
    H16                                               0.000     0.000 r  sys_clk (IN)
                         net (fo=0)                   0.000     0.000    sys_clk
    H16                  IBUF (Prop_ibuf_I_O)         0.219     0.219 r  sys_clk_IBUF_inst/O
                         net (fo=1, routed)           0.842     1.060    sys_clk_IBUF
    BUFGCTRL_X0Y16       BUFG (Prop_bufg_I_O)         0.026     1.086 r  sys_clk_IBUF_BUFG_inst/O
                         net (fo=58, routed)          0.634     1.720    tick_inst/clk
    SLICE_X108Y90        FDCE                                         r  tick_inst/count_reg[0]/C
  -------------------------------------------------------------------    -------------------
    SLICE_X108Y90        FDCE (Prop_fdce_C_Q)         0.164     1.884 f  tick_inst/count_reg[0]/Q
                         net (fo=3, routed)           0.175     2.059    tick_inst/count[0]
    SLICE_X108Y90        LUT1 (Prop_lut1_I0_O)        0.043     2.102 r  tick_inst/count[0]_i_1/O
                         net (fo=1, routed)           0.000     2.102    tick_inst/count_0[0]
    SLICE_X108Y90        FDCE                                         r  tick_inst/count_reg[0]/D
  -------------------------------------------------------------------    -------------------

                         (clock sys_clk_pin rise edge)
                                                      0.000     0.000 r  
    H16                                               0.000     0.000 r  sys_clk (IN)
                         net (fo=0)                   0.000     0.000    sys_clk
    H16                  IBUF (Prop_ibuf_I_O)         0.406     0.406 r  sys_clk_IBUF_inst/O
                         net (fo=1, routed)           0.907     1.313    sys_clk_IBUF
    BUFGCTRL_X0Y16       BUFG (Prop_bufg_I_O)         0.029     1.342 r  sys_clk_IBUF_BUFG_inst/O
                         net (fo=58, routed)          0.904     2.246    tick_inst/clk
    SLICE_X108Y90        FDCE                                         r  tick_inst/count_reg[0]/C
                         clock pessimism             -0.526     1.720    
    SLICE_X108Y90        FDCE (Hold_fdce_C_D)         0.133     1.853    tick_inst/count_reg[0]
  -------------------------------------------------------------------
                         required time                         -1.853    
                         arrival time                           2.102    
  -------------------------------------------------------------------
                         slack                                  0.249    

Slack (MET) :             0.259ns  (arrival time - required time)
  Source:                 fsm_inst/press_ms_reg[1]/C
                            (rising edge-triggered cell FDRE clocked by sys_clk_pin  {rise@0.000ns fall@4.000ns period=8.000ns})
  Destination:            fsm_inst/press_ms_reg[3]/D
                            (rising edge-triggered cell FDRE clocked by sys_clk_pin  {rise@0.000ns fall@4.000ns period=8.000ns})
  Path Group:             sys_clk_pin
  Path Type:              Hold (Min at Fast Process Corner)
  Requirement:            0.000ns  (sys_clk_pin rise@0.000ns - sys_clk_pin rise@0.000ns)
  Data Path Delay:        0.380ns  (logic 0.209ns (55.005%)  route 0.171ns (44.995%))
  Logic Levels:           1  (LUT6=1)
  Clock Path Skew:        0.000ns (DCD - SCD - CPR)
    Destination Clock Delay (DCD):    2.242ns
    Source Clock Delay      (SCD):    1.717ns
    Clock Pessimism Removal (CPR):    0.525ns

    Location             Delay type                Incr(ns)  Path(ns)    Netlist Resource(s)
  -------------------------------------------------------------------    -------------------
                         (clock sys_clk_pin rise edge)
                                                      0.000     0.000 r  
    H16                                               0.000     0.000 r  sys_clk (IN)
                         net (fo=0)                   0.000     0.000    sys_clk
    H16                  IBUF (Prop_ibuf_I_O)         0.219     0.219 r  sys_clk_IBUF_inst/O
                         net (fo=1, routed)           0.842     1.060    sys_clk_IBUF
    BUFGCTRL_X0Y16       BUFG (Prop_bufg_I_O)         0.026     1.086 r  sys_clk_IBUF_BUFG_inst/O
                         net (fo=58, routed)          0.631     1.717    fsm_inst/clk
    SLICE_X108Y86        FDRE                                         r  fsm_inst/press_ms_reg[1]/C
  -------------------------------------------------------------------    -------------------
    SLICE_X108Y86        FDRE (Prop_fdre_C_Q)         0.164     1.881 r  fsm_inst/press_ms_reg[1]/Q
                         net (fo=8, routed)           0.171     2.052    fsm_inst/press_ms_reg_n_0_[1]
    SLICE_X108Y86        LUT6 (Prop_lut6_I3_O)        0.045     2.097 r  fsm_inst/press_ms[3]_i_1/O
                         net (fo=1, routed)           0.000     2.097    fsm_inst/press_ms[3]
    SLICE_X108Y86        FDRE                                         r  fsm_inst/press_ms_reg[3]/D
  -------------------------------------------------------------------    -------------------

                         (clock sys_clk_pin rise edge)
                                                      0.000     0.000 r  
    H16                                               0.000     0.000 r  sys_clk (IN)
                         net (fo=0)                   0.000     0.000    sys_clk
    H16                  IBUF (Prop_ibuf_I_O)         0.406     0.406 r  sys_clk_IBUF_inst/O
                         net (fo=1, routed)           0.907     1.313    sys_clk_IBUF
    BUFGCTRL_X0Y16       BUFG (Prop_bufg_I_O)         0.029     1.342 r  sys_clk_IBUF_BUFG_inst/O
                         net (fo=58, routed)          0.900     2.242    fsm_inst/clk
    SLICE_X108Y86        FDRE                                         r  fsm_inst/press_ms_reg[3]/C
                         clock pessimism             -0.525     1.717    
    SLICE_X108Y86        FDRE (Hold_fdre_C_D)         0.121     1.838    fsm_inst/press_ms_reg[3]
  -------------------------------------------------------------------
                         required time                         -1.838    
                         arrival time                           2.097    
  -------------------------------------------------------------------
                         slack                                  0.259    

Slack (MET) :             0.269ns  (arrival time - required time)
  Source:                 sync_inst/cnt_reg[4]/C
                            (rising edge-triggered cell FDCE clocked by sys_clk_pin  {rise@0.000ns fall@4.000ns period=8.000ns})
  Destination:            sync_inst/cnt_reg[2]/D
                            (rising edge-triggered cell FDCE clocked by sys_clk_pin  {rise@0.000ns fall@4.000ns period=8.000ns})
  Path Group:             sys_clk_pin
  Path Type:              Hold (Min at Fast Process Corner)
  Requirement:            0.000ns  (sys_clk_pin rise@0.000ns - sys_clk_pin rise@0.000ns)
  Data Path Delay:        0.361ns  (logic 0.186ns (51.560%)  route 0.175ns (48.440%))
  Logic Levels:           1  (LUT6=1)
  Clock Path Skew:        0.000ns (DCD - SCD - CPR)
    Destination Clock Delay (DCD):    2.247ns
    Source Clock Delay      (SCD):    1.721ns
    Clock Pessimism Removal (CPR):    0.526ns

    Location             Delay type                Incr(ns)  Path(ns)    Netlist Resource(s)
  -------------------------------------------------------------------    -------------------
                         (clock sys_clk_pin rise edge)
                                                      0.000     0.000 r  
    H16                                               0.000     0.000 r  sys_clk (IN)
                         net (fo=0)                   0.000     0.000    sys_clk
    H16                  IBUF (Prop_ibuf_I_O)         0.219     0.219 r  sys_clk_IBUF_inst/O
                         net (fo=1, routed)           0.842     1.060    sys_clk_IBUF
    BUFGCTRL_X0Y16       BUFG (Prop_bufg_I_O)         0.026     1.086 r  sys_clk_IBUF_BUFG_inst/O
                         net (fo=58, routed)          0.635     1.721    sync_inst/clk
    SLICE_X106Y93        FDCE                                         r  sync_inst/cnt_reg[4]/C
  -------------------------------------------------------------------    -------------------
    SLICE_X106Y93        FDCE (Prop_fdce_C_Q)         0.141     1.862 f  sync_inst/cnt_reg[4]/Q
                         net (fo=3, routed)           0.175     2.037    sync_inst/cnt[4]
    SLICE_X106Y93        LUT6 (Prop_lut6_I0_O)        0.045     2.082 r  sync_inst/cnt[2]_i_1/O
                         net (fo=1, routed)           0.000     2.082    sync_inst/cnt[2]_i_1_n_0
    SLICE_X106Y93        FDCE                                         r  sync_inst/cnt_reg[2]/D
  -------------------------------------------------------------------    -------------------

                         (clock sys_clk_pin rise edge)
                                                      0.000     0.000 r  
    H16                                               0.000     0.000 r  sys_clk (IN)
                         net (fo=0)                   0.000     0.000    sys_clk
    H16                  IBUF (Prop_ibuf_I_O)         0.406     0.406 r  sys_clk_IBUF_inst/O
                         net (fo=1, routed)           0.907     1.313    sys_clk_IBUF
    BUFGCTRL_X0Y16       BUFG (Prop_bufg_I_O)         0.029     1.342 r  sys_clk_IBUF_BUFG_inst/O
                         net (fo=58, routed)          0.905     2.247    sync_inst/clk
    SLICE_X106Y93        FDCE                                         r  sync_inst/cnt_reg[2]/C
                         clock pessimism             -0.526     1.721    
    SLICE_X106Y93        FDCE (Hold_fdce_C_D)         0.092     1.813    sync_inst/cnt_reg[2]
  -------------------------------------------------------------------
                         required time                         -1.813    
                         arrival time                           2.082    
  -------------------------------------------------------------------
                         slack                                  0.269    

Slack (MET) :             0.270ns  (arrival time - required time)
  Source:                 sync_inst/cnt_reg[0]/C
                            (rising edge-triggered cell FDCE clocked by sys_clk_pin  {rise@0.000ns fall@4.000ns period=8.000ns})
  Destination:            sync_inst/cnt_reg[3]/D
                            (rising edge-triggered cell FDCE clocked by sys_clk_pin  {rise@0.000ns fall@4.000ns period=8.000ns})
  Path Group:             sys_clk_pin
  Path Type:              Hold (Min at Fast Process Corner)
  Requirement:            0.000ns  (sys_clk_pin rise@0.000ns - sys_clk_pin rise@0.000ns)
  Data Path Delay:        0.378ns  (logic 0.186ns (49.142%)  route 0.192ns (50.858%))
  Logic Levels:           1  (LUT6=1)
  Clock Path Skew:        0.017ns (DCD - SCD - CPR)
    Destination Clock Delay (DCD):    2.247ns
    Source Clock Delay      (SCD):    1.720ns
    Clock Pessimism Removal (CPR):    0.510ns

    Location             Delay type                Incr(ns)  Path(ns)    Netlist Resource(s)
  -------------------------------------------------------------------    -------------------
                         (clock sys_clk_pin rise edge)
                                                      0.000     0.000 r  
    H16                                               0.000     0.000 r  sys_clk (IN)
                         net (fo=0)                   0.000     0.000    sys_clk
    H16                  IBUF (Prop_ibuf_I_O)         0.219     0.219 r  sys_clk_IBUF_inst/O
                         net (fo=1, routed)           0.842     1.060    sys_clk_IBUF
    BUFGCTRL_X0Y16       BUFG (Prop_bufg_I_O)         0.026     1.086 r  sys_clk_IBUF_BUFG_inst/O
                         net (fo=58, routed)          0.634     1.720    sync_inst/clk
    SLICE_X106Y92        FDCE                                         r  sync_inst/cnt_reg[0]/C
  -------------------------------------------------------------------    -------------------
    SLICE_X106Y92        FDCE (Prop_fdce_C_Q)         0.141     1.861 r  sync_inst/cnt_reg[0]/Q
                         net (fo=6, routed)           0.192     2.054    sync_inst/cnt[0]
    SLICE_X106Y93        LUT6 (Prop_lut6_I2_O)        0.045     2.099 r  sync_inst/cnt[3]_i_1/O
                         net (fo=1, routed)           0.000     2.099    sync_inst/cnt[3]_i_1_n_0
    SLICE_X106Y93        FDCE                                         r  sync_inst/cnt_reg[3]/D
  -------------------------------------------------------------------    -------------------

                         (clock sys_clk_pin rise edge)
                                                      0.000     0.000 r  
    H16                                               0.000     0.000 r  sys_clk (IN)
                         net (fo=0)                   0.000     0.000    sys_clk
    H16                  IBUF (Prop_ibuf_I_O)         0.406     0.406 r  sys_clk_IBUF_inst/O
                         net (fo=1, routed)           0.907     1.313    sys_clk_IBUF
    BUFGCTRL_X0Y16       BUFG (Prop_bufg_I_O)         0.029     1.342 r  sys_clk_IBUF_BUFG_inst/O
                         net (fo=58, routed)          0.905     2.247    sync_inst/clk
    SLICE_X106Y93        FDCE                                         r  sync_inst/cnt_reg[3]/C
                         clock pessimism             -0.510     1.737    
    SLICE_X106Y93        FDCE (Hold_fdce_C_D)         0.091     1.828    sync_inst/cnt_reg[3]
  -------------------------------------------------------------------
                         required time                         -1.828    
                         arrival time                           2.099    
  -------------------------------------------------------------------
                         slack                                  0.270    

Slack (MET) :             0.270ns  (arrival time - required time)
  Source:                 sync_inst/cnt_reg[0]/C
                            (rising edge-triggered cell FDCE clocked by sys_clk_pin  {rise@0.000ns fall@4.000ns period=8.000ns})
  Destination:            sync_inst/cnt_reg[4]/D
                            (rising edge-triggered cell FDCE clocked by sys_clk_pin  {rise@0.000ns fall@4.000ns period=8.000ns})
  Path Group:             sys_clk_pin
  Path Type:              Hold (Min at Fast Process Corner)
  Requirement:            0.000ns  (sys_clk_pin rise@0.000ns - sys_clk_pin rise@0.000ns)
  Data Path Delay:        0.379ns  (logic 0.186ns (49.013%)  route 0.193ns (50.987%))
  Logic Levels:           1  (LUT6=1)
  Clock Path Skew:        0.017ns (DCD - SCD - CPR)
    Destination Clock Delay (DCD):    2.247ns
    Source Clock Delay      (SCD):    1.720ns
    Clock Pessimism Removal (CPR):    0.510ns

    Location             Delay type                Incr(ns)  Path(ns)    Netlist Resource(s)
  -------------------------------------------------------------------    -------------------
                         (clock sys_clk_pin rise edge)
                                                      0.000     0.000 r  
    H16                                               0.000     0.000 r  sys_clk (IN)
                         net (fo=0)                   0.000     0.000    sys_clk
    H16                  IBUF (Prop_ibuf_I_O)         0.219     0.219 r  sys_clk_IBUF_inst/O
                         net (fo=1, routed)           0.842     1.060    sys_clk_IBUF
    BUFGCTRL_X0Y16       BUFG (Prop_bufg_I_O)         0.026     1.086 r  sys_clk_IBUF_BUFG_inst/O
                         net (fo=58, routed)          0.634     1.720    sync_inst/clk
    SLICE_X106Y92        FDCE                                         r  sync_inst/cnt_reg[0]/C
  -------------------------------------------------------------------    -------------------
    SLICE_X106Y92        FDCE (Prop_fdce_C_Q)         0.141     1.861 r  sync_inst/cnt_reg[0]/Q
                         net (fo=6, routed)           0.193     2.055    sync_inst/cnt[0]
    SLICE_X106Y93        LUT6 (Prop_lut6_I4_O)        0.045     2.100 r  sync_inst/cnt[4]_i_1/O
                         net (fo=1, routed)           0.000     2.100    sync_inst/cnt[4]_i_1_n_0
    SLICE_X106Y93        FDCE                                         r  sync_inst/cnt_reg[4]/D
  -------------------------------------------------------------------    -------------------

                         (clock sys_clk_pin rise edge)
                                                      0.000     0.000 r  
    H16                                               0.000     0.000 r  sys_clk (IN)
                         net (fo=0)                   0.000     0.000    sys_clk
    H16                  IBUF (Prop_ibuf_I_O)         0.406     0.406 r  sys_clk_IBUF_inst/O
                         net (fo=1, routed)           0.907     1.313    sys_clk_IBUF
    BUFGCTRL_X0Y16       BUFG (Prop_bufg_I_O)         0.029     1.342 r  sys_clk_IBUF_BUFG_inst/O
                         net (fo=58, routed)          0.905     2.247    sync_inst/clk
    SLICE_X106Y93        FDCE                                         r  sync_inst/cnt_reg[4]/C
                         clock pessimism             -0.510     1.737    
    SLICE_X106Y93        FDCE (Hold_fdce_C_D)         0.092     1.829    sync_inst/cnt_reg[4]
  -------------------------------------------------------------------
                         required time                         -1.829    
                         arrival time                           2.100    
  -------------------------------------------------------------------
                         slack                                  0.270    

Slack (MET) :             0.280ns  (arrival time - required time)
  Source:                 fsm_inst/press_ms_reg[6]/C
                            (rising edge-triggered cell FDRE clocked by sys_clk_pin  {rise@0.000ns fall@4.000ns period=8.000ns})
  Destination:            fsm_inst/press_ms_reg[7]/D
                            (rising edge-triggered cell FDRE clocked by sys_clk_pin  {rise@0.000ns fall@4.000ns period=8.000ns})
  Path Group:             sys_clk_pin
  Path Type:              Hold (Min at Fast Process Corner)
  Requirement:            0.000ns  (sys_clk_pin rise@0.000ns - sys_clk_pin rise@0.000ns)
  Data Path Delay:        0.387ns  (logic 0.183ns (47.327%)  route 0.204ns (52.673%))
  Logic Levels:           1  (LUT5=1)
  Clock Path Skew:        0.000ns (DCD - SCD - CPR)
    Destination Clock Delay (DCD):    2.243ns
    Source Clock Delay      (SCD):    1.718ns
    Clock Pessimism Removal (CPR):    0.525ns

    Location             Delay type                Incr(ns)  Path(ns)    Netlist Resource(s)
  -------------------------------------------------------------------    -------------------
                         (clock sys_clk_pin rise edge)
                                                      0.000     0.000 r  
    H16                                               0.000     0.000 r  sys_clk (IN)
                         net (fo=0)                   0.000     0.000    sys_clk
    H16                  IBUF (Prop_ibuf_I_O)         0.219     0.219 r  sys_clk_IBUF_inst/O
                         net (fo=1, routed)           0.842     1.060    sys_clk_IBUF
    BUFGCTRL_X0Y16       BUFG (Prop_bufg_I_O)         0.026     1.086 r  sys_clk_IBUF_BUFG_inst/O
                         net (fo=58, routed)          0.632     1.718    fsm_inst/clk
    SLICE_X107Y87        FDRE                                         r  fsm_inst/press_ms_reg[6]/C
  -------------------------------------------------------------------    -------------------
    SLICE_X107Y87        FDRE (Prop_fdre_C_Q)         0.141     1.859 r  fsm_inst/press_ms_reg[6]/Q
                         net (fo=7, routed)           0.204     2.063    fsm_inst/press_ms_reg_n_0_[6]
    SLICE_X107Y87        LUT5 (Prop_lut5_I3_O)        0.042     2.105 r  fsm_inst/press_ms[7]_i_1/O
                         net (fo=1, routed)           0.000     2.105    fsm_inst/press_ms[7]_i_1_n_0
    SLICE_X107Y87        FDRE                                         r  fsm_inst/press_ms_reg[7]/D
  -------------------------------------------------------------------    -------------------

                         (clock sys_clk_pin rise edge)
                                                      0.000     0.000 r  
    H16                                               0.000     0.000 r  sys_clk (IN)
                         net (fo=0)                   0.000     0.000    sys_clk
    H16                  IBUF (Prop_ibuf_I_O)         0.406     0.406 r  sys_clk_IBUF_inst/O
                         net (fo=1, routed)           0.907     1.313    sys_clk_IBUF
    BUFGCTRL_X0Y16       BUFG (Prop_bufg_I_O)         0.029     1.342 r  sys_clk_IBUF_BUFG_inst/O
                         net (fo=58, routed)          0.901     2.243    fsm_inst/clk
    SLICE_X107Y87        FDRE                                         r  fsm_inst/press_ms_reg[7]/C
                         clock pessimism             -0.525     1.718    
    SLICE_X107Y87        FDRE (Hold_fdre_C_D)         0.107     1.825    fsm_inst/press_ms_reg[7]
  -------------------------------------------------------------------
                         required time                         -1.825    
                         arrival time                           2.105    
  -------------------------------------------------------------------
                         slack                                  0.280    





Pulse Width Checks
--------------------------------------------------------------------------------------
Clock Name:         sys_clk_pin
Waveform(ns):       { 0.000 4.000 }
Period(ns):         8.000
Sources:            { sys_clk }

Check Type        Corner  Lib Pin             Reference Pin  Required(ns)  Actual(ns)  Slack(ns)  Location        Pin
Min Period        n/a     RAMB18E1/CLKARDCLK  n/a            2.576         8.000       5.424      RAMB18_X5Y36    fsm_inst/raw_code_reg/CLKARDCLK
Min Period        n/a     BUFG/I              n/a            2.155         8.000       5.845      BUFGCTRL_X0Y16  sys_clk_IBUF_BUFG_inst/I
Min Period        n/a     FDRE/C              n/a            1.000         8.000       7.000      SLICE_X106Y91   fsm_inst/FSM_sequential_state_reg[0]/C
Min Period        n/a     FDRE/C              n/a            1.000         8.000       7.000      SLICE_X106Y91   fsm_inst/FSM_sequential_state_reg[1]/C
Min Period        n/a     FDRE/C              n/a            1.000         8.000       7.000      SLICE_X106Y87   fsm_inst/char_ready_reg/C
Min Period        n/a     FDRE/C              n/a            1.000         8.000       7.000      SLICE_X103Y92   fsm_inst/gap_ms_reg[0]/C
Min Period        n/a     FDRE/C              n/a            1.000         8.000       7.000      SLICE_X104Y92   fsm_inst/gap_ms_reg[1]/C
Min Period        n/a     FDRE/C              n/a            1.000         8.000       7.000      SLICE_X103Y92   fsm_inst/gap_ms_reg[2]/C
Min Period        n/a     FDRE/C              n/a            1.000         8.000       7.000      SLICE_X103Y92   fsm_inst/gap_ms_reg[3]/C
Min Period        n/a     FDRE/C              n/a            1.000         8.000       7.000      SLICE_X104Y92   fsm_inst/gap_ms_reg[4]/C
Low Pulse Width   Slow    FDRE/C              n/a            0.500         4.000       3.500      SLICE_X106Y91   fsm_inst/FSM_sequential_state_reg[0]/C
Low Pulse Width   Fast    FDRE/C              n/a            0.500         4.000       3.500      SLICE_X106Y91   fsm_inst/FSM_sequential_state_reg[0]/C
Low Pulse Width   Slow    FDRE/C              n/a            0.500         4.000       3.500      SLICE_X106Y91   fsm_inst/FSM_sequential_state_reg[1]/C
Low Pulse Width   Fast    FDRE/C              n/a            0.500         4.000       3.500      SLICE_X106Y91   fsm_inst/FSM_sequential_state_reg[1]/C
Low Pulse Width   Slow    FDRE/C              n/a            0.500         4.000       3.500      SLICE_X106Y87   fsm_inst/char_ready_reg/C
Low Pulse Width   Fast    FDRE/C              n/a            0.500         4.000       3.500      SLICE_X106Y87   fsm_inst/char_ready_reg/C
Low Pulse Width   Slow    FDRE/C              n/a            0.500         4.000       3.500      SLICE_X103Y92   fsm_inst/gap_ms_reg[0]/C
Low Pulse Width   Fast    FDRE/C              n/a            0.500         4.000       3.500      SLICE_X103Y92   fsm_inst/gap_ms_reg[0]/C
Low Pulse Width   Slow    FDRE/C              n/a            0.500         4.000       3.500      SLICE_X104Y92   fsm_inst/gap_ms_reg[1]/C
Low Pulse Width   Fast    FDRE/C              n/a            0.500         4.000       3.500      SLICE_X104Y92   fsm_inst/gap_ms_reg[1]/C
High Pulse Width  Slow    FDRE/C              n/a            0.500         4.000       3.500      SLICE_X106Y91   fsm_inst/FSM_sequential_state_reg[0]/C
High Pulse Width  Fast    FDRE/C              n/a            0.500         4.000       3.500      SLICE_X106Y91   fsm_inst/FSM_sequential_state_reg[0]/C
High Pulse Width  Slow    FDRE/C              n/a            0.500         4.000       3.500      SLICE_X106Y91   fsm_inst/FSM_sequential_state_reg[1]/C
High Pulse Width  Fast    FDRE/C              n/a            0.500         4.000       3.500      SLICE_X106Y91   fsm_inst/FSM_sequential_state_reg[1]/C
High Pulse Width  Slow    FDRE/C              n/a            0.500         4.000       3.500      SLICE_X106Y87   fsm_inst/char_ready_reg/C
High Pulse Width  Fast    FDRE/C              n/a            0.500         4.000       3.500      SLICE_X106Y87   fsm_inst/char_ready_reg/C
High Pulse Width  Slow    FDRE/C              n/a            0.500         4.000       3.500      SLICE_X103Y92   fsm_inst/gap_ms_reg[0]/C
High Pulse Width  Fast    FDRE/C              n/a            0.500         4.000       3.500      SLICE_X103Y92   fsm_inst/gap_ms_reg[0]/C
High Pulse Width  Slow    FDRE/C              n/a            0.500         4.000       3.500      SLICE_X104Y92   fsm_inst/gap_ms_reg[1]/C
High Pulse Width  Fast    FDRE/C              n/a            0.500         4.000       3.500      SLICE_X104Y92   fsm_inst/gap_ms_reg[1]/C



--------------------------------------------------------------------------------------
Path Group:  (none)
From Clock:  sys_clk_pin
  To Clock:  

Max Delay             8 Endpoints
Min Delay             8 Endpoints
--------------------------------------------------------------------------------------


Max Delay Paths
--------------------------------------------------------------------------------------
Slack:                    inf
  Source:                 fsm_inst/raw_code_reg/CLKARDCLK
                            (rising edge-triggered cell RAMB18E1 clocked by sys_clk_pin  {rise@0.000ns fall@4.000ns period=8.000ns})
  Destination:            ascii_out[5]
                            (output port)
  Path Group:             (none)
  Path Type:              Max at Slow Process Corner
  Data Path Delay:        9.166ns  (logic 6.008ns (65.540%)  route 3.159ns (34.460%))
  Logic Levels:           1  (OBUF=1)
  Clock Uncertainty:      0.025ns  ((TSJ^2 + TIJ^2)^1/2 + DJ) / 2 + PE
    Total System Jitter     (TSJ):    0.050ns
    Total Input Jitter      (TIJ):    0.000ns
    Discrete Jitter          (DJ):    0.000ns
    Phase Error              (PE):    0.000ns

    Location             Delay type                Incr(ns)  Path(ns)    Netlist Resource(s)
  -------------------------------------------------------------------    -------------------
                         (clock sys_clk_pin rise edge)
                                                      0.000     0.000 r  
    H16                                               0.000     0.000 r  sys_clk (IN)
                         net (fo=0)                   0.000     0.000    sys_clk
    H16                  IBUF (Prop_ibuf_I_O)         1.451     1.451 r  sys_clk_IBUF_inst/O
                         net (fo=1, routed)           2.522     3.973    sys_clk_IBUF
    BUFGCTRL_X0Y16       BUFG (Prop_bufg_I_O)         0.101     4.074 r  sys_clk_IBUF_BUFG_inst/O
                         net (fo=58, routed)          1.827     5.901    fsm_inst/clk
    RAMB18_X5Y36         RAMB18E1                                     r  fsm_inst/raw_code_reg/CLKARDCLK
  -------------------------------------------------------------------    -------------------
    RAMB18_X5Y36         RAMB18E1 (Prop_ramb18e1_CLKARDCLK_DOADO[5])
                                                      2.454     8.355 r  fsm_inst/raw_code_reg/DOADO[5]
                         net (fo=1, routed)           3.159    11.514    ascii_out_OBUF[5]
    W16                  OBUF (Prop_obuf_I_O)         3.554    15.067 r  ascii_out_OBUF[5]_inst/O
                         net (fo=0)                   0.000    15.067    ascii_out[5]
    W16                                                               r  ascii_out[5] (OUT)
  -------------------------------------------------------------------    -------------------

Slack:                    inf
  Source:                 fsm_inst/raw_code_reg/CLKARDCLK
                            (rising edge-triggered cell RAMB18E1 clocked by sys_clk_pin  {rise@0.000ns fall@4.000ns period=8.000ns})
  Destination:            ascii_out[4]
                            (output port)
  Path Group:             (none)
  Path Type:              Max at Slow Process Corner
  Data Path Delay:        9.018ns  (logic 6.007ns (66.612%)  route 3.011ns (33.388%))
  Logic Levels:           1  (OBUF=1)
  Clock Uncertainty:      0.025ns  ((TSJ^2 + TIJ^2)^1/2 + DJ) / 2 + PE
    Total System Jitter     (TSJ):    0.050ns
    Total Input Jitter      (TIJ):    0.000ns
    Discrete Jitter          (DJ):    0.000ns
    Phase Error              (PE):    0.000ns

    Location             Delay type                Incr(ns)  Path(ns)    Netlist Resource(s)
  -------------------------------------------------------------------    -------------------
                         (clock sys_clk_pin rise edge)
                                                      0.000     0.000 r  
    H16                                               0.000     0.000 r  sys_clk (IN)
                         net (fo=0)                   0.000     0.000    sys_clk
    H16                  IBUF (Prop_ibuf_I_O)         1.451     1.451 r  sys_clk_IBUF_inst/O
                         net (fo=1, routed)           2.522     3.973    sys_clk_IBUF
    BUFGCTRL_X0Y16       BUFG (Prop_bufg_I_O)         0.101     4.074 r  sys_clk_IBUF_BUFG_inst/O
                         net (fo=58, routed)          1.827     5.901    fsm_inst/clk
    RAMB18_X5Y36         RAMB18E1                                     r  fsm_inst/raw_code_reg/CLKARDCLK
  -------------------------------------------------------------------    -------------------
    RAMB18_X5Y36         RAMB18E1 (Prop_ramb18e1_CLKARDCLK_DOADO[4])
                                                      2.454     8.355 r  fsm_inst/raw_code_reg/DOADO[4]
                         net (fo=1, routed)           3.011    11.366    ascii_out_OBUF[4]
    V16                  OBUF (Prop_obuf_I_O)         3.553    14.919 r  ascii_out_OBUF[4]_inst/O
                         net (fo=0)                   0.000    14.919    ascii_out[4]
    V16                                                               r  ascii_out[4] (OUT)
  -------------------------------------------------------------------    -------------------

Slack:                    inf
  Source:                 fsm_inst/raw_code_reg/CLKARDCLK
                            (rising edge-triggered cell RAMB18E1 clocked by sys_clk_pin  {rise@0.000ns fall@4.000ns period=8.000ns})
  Destination:            ascii_out[0]
                            (output port)
  Path Group:             (none)
  Path Type:              Max at Slow Process Corner
  Data Path Delay:        8.447ns  (logic 6.109ns (72.317%)  route 2.339ns (27.683%))
  Logic Levels:           1  (OBUF=1)
  Clock Uncertainty:      0.025ns  ((TSJ^2 + TIJ^2)^1/2 + DJ) / 2 + PE
    Total System Jitter     (TSJ):    0.050ns
    Total Input Jitter      (TIJ):    0.000ns
    Discrete Jitter          (DJ):    0.000ns
    Phase Error              (PE):    0.000ns

    Location             Delay type                Incr(ns)  Path(ns)    Netlist Resource(s)
  -------------------------------------------------------------------    -------------------
                         (clock sys_clk_pin rise edge)
                                                      0.000     0.000 r  
    H16                                               0.000     0.000 r  sys_clk (IN)
                         net (fo=0)                   0.000     0.000    sys_clk
    H16                  IBUF (Prop_ibuf_I_O)         1.451     1.451 r  sys_clk_IBUF_inst/O
                         net (fo=1, routed)           2.522     3.973    sys_clk_IBUF
    BUFGCTRL_X0Y16       BUFG (Prop_bufg_I_O)         0.101     4.074 r  sys_clk_IBUF_BUFG_inst/O
                         net (fo=58, routed)          1.827     5.901    fsm_inst/clk
    RAMB18_X5Y36         RAMB18E1                                     r  fsm_inst/raw_code_reg/CLKARDCLK
  -------------------------------------------------------------------    -------------------
    RAMB18_X5Y36         RAMB18E1 (Prop_ramb18e1_CLKARDCLK_DOADO[0])
                                                      2.454     8.355 r  fsm_inst/raw_code_reg/DOADO[0]
                         net (fo=1, routed)           2.339    10.694    ascii_out_OBUF[0]
    W14                  OBUF (Prop_obuf_I_O)         3.655    14.349 r  ascii_out_OBUF[0]_inst/O
                         net (fo=0)                   0.000    14.349    ascii_out[0]
    W14                                                               r  ascii_out[0] (OUT)
  -------------------------------------------------------------------    -------------------

Slack:                    inf
  Source:                 fsm_inst/raw_code_reg/CLKARDCLK
                            (rising edge-triggered cell RAMB18E1 clocked by sys_clk_pin  {rise@0.000ns fall@4.000ns period=8.000ns})
  Destination:            ascii_out[1]
                            (output port)
  Path Group:             (none)
  Path Type:              Max at Slow Process Corner
  Data Path Delay:        8.438ns  (logic 6.098ns (72.267%)  route 2.340ns (27.733%))
  Logic Levels:           1  (OBUF=1)
  Clock Uncertainty:      0.025ns  ((TSJ^2 + TIJ^2)^1/2 + DJ) / 2 + PE
    Total System Jitter     (TSJ):    0.050ns
    Total Input Jitter      (TIJ):    0.000ns
    Discrete Jitter          (DJ):    0.000ns
    Phase Error              (PE):    0.000ns

    Location             Delay type                Incr(ns)  Path(ns)    Netlist Resource(s)
  -------------------------------------------------------------------    -------------------
                         (clock sys_clk_pin rise edge)
                                                      0.000     0.000 r  
    H16                                               0.000     0.000 r  sys_clk (IN)
                         net (fo=0)                   0.000     0.000    sys_clk
    H16                  IBUF (Prop_ibuf_I_O)         1.451     1.451 r  sys_clk_IBUF_inst/O
                         net (fo=1, routed)           2.522     3.973    sys_clk_IBUF
    BUFGCTRL_X0Y16       BUFG (Prop_bufg_I_O)         0.101     4.074 r  sys_clk_IBUF_BUFG_inst/O
                         net (fo=58, routed)          1.827     5.901    fsm_inst/clk
    RAMB18_X5Y36         RAMB18E1                                     r  fsm_inst/raw_code_reg/CLKARDCLK
  -------------------------------------------------------------------    -------------------
    RAMB18_X5Y36         RAMB18E1 (Prop_ramb18e1_CLKARDCLK_DOADO[1])
                                                      2.454     8.355 r  fsm_inst/raw_code_reg/DOADO[1]
                         net (fo=1, routed)           2.340    10.695    ascii_out_OBUF[1]
    Y14                  OBUF (Prop_obuf_I_O)         3.644    14.339 r  ascii_out_OBUF[1]_inst/O
                         net (fo=0)                   0.000    14.339    ascii_out[1]
    Y14                                                               r  ascii_out[1] (OUT)
  -------------------------------------------------------------------    -------------------

Slack:                    inf
  Source:                 fsm_inst/raw_code_reg/CLKARDCLK
                            (rising edge-triggered cell RAMB18E1 clocked by sys_clk_pin  {rise@0.000ns fall@4.000ns period=8.000ns})
  Destination:            ascii_out[2]
                            (output port)
  Path Group:             (none)
  Path Type:              Max at Slow Process Corner
  Data Path Delay:        8.416ns  (logic 6.059ns (71.985%)  route 2.358ns (28.015%))
  Logic Levels:           1  (OBUF=1)
  Clock Uncertainty:      0.025ns  ((TSJ^2 + TIJ^2)^1/2 + DJ) / 2 + PE
    Total System Jitter     (TSJ):    0.050ns
    Total Input Jitter      (TIJ):    0.000ns
    Discrete Jitter          (DJ):    0.000ns
    Phase Error              (PE):    0.000ns

    Location             Delay type                Incr(ns)  Path(ns)    Netlist Resource(s)
  -------------------------------------------------------------------    -------------------
                         (clock sys_clk_pin rise edge)
                                                      0.000     0.000 r  
    H16                                               0.000     0.000 r  sys_clk (IN)
                         net (fo=0)                   0.000     0.000    sys_clk
    H16                  IBUF (Prop_ibuf_I_O)         1.451     1.451 r  sys_clk_IBUF_inst/O
                         net (fo=1, routed)           2.522     3.973    sys_clk_IBUF
    BUFGCTRL_X0Y16       BUFG (Prop_bufg_I_O)         0.101     4.074 r  sys_clk_IBUF_BUFG_inst/O
                         net (fo=58, routed)          1.827     5.901    fsm_inst/clk
    RAMB18_X5Y36         RAMB18E1                                     r  fsm_inst/raw_code_reg/CLKARDCLK
  -------------------------------------------------------------------    -------------------
    RAMB18_X5Y36         RAMB18E1 (Prop_ramb18e1_CLKARDCLK_DOADO[2])
                                                      2.454     8.355 r  fsm_inst/raw_code_reg/DOADO[2]
                         net (fo=1, routed)           2.358    10.713    ascii_out_OBUF[2]
    T11                  OBUF (Prop_obuf_I_O)         3.605    14.318 r  ascii_out_OBUF[2]_inst/O
                         net (fo=0)                   0.000    14.318    ascii_out[2]
    T11                                                               r  ascii_out[2] (OUT)
  -------------------------------------------------------------------    -------------------

Slack:                    inf
  Source:                 fsm_inst/raw_code_reg/CLKARDCLK
                            (rising edge-triggered cell RAMB18E1 clocked by sys_clk_pin  {rise@0.000ns fall@4.000ns period=8.000ns})
  Destination:            ascii_out[3]
                            (output port)
  Path Group:             (none)
  Path Type:              Max at Slow Process Corner
  Data Path Delay:        8.386ns  (logic 6.052ns (72.167%)  route 2.334ns (27.833%))
  Logic Levels:           1  (OBUF=1)
  Clock Uncertainty:      0.025ns  ((TSJ^2 + TIJ^2)^1/2 + DJ) / 2 + PE
    Total System Jitter     (TSJ):    0.050ns
    Total Input Jitter      (TIJ):    0.000ns
    Discrete Jitter          (DJ):    0.000ns
    Phase Error              (PE):    0.000ns

    Location             Delay type                Incr(ns)  Path(ns)    Netlist Resource(s)
  -------------------------------------------------------------------    -------------------
                         (clock sys_clk_pin rise edge)
                                                      0.000     0.000 r  
    H16                                               0.000     0.000 r  sys_clk (IN)
                         net (fo=0)                   0.000     0.000    sys_clk
    H16                  IBUF (Prop_ibuf_I_O)         1.451     1.451 r  sys_clk_IBUF_inst/O
                         net (fo=1, routed)           2.522     3.973    sys_clk_IBUF
    BUFGCTRL_X0Y16       BUFG (Prop_bufg_I_O)         0.101     4.074 r  sys_clk_IBUF_BUFG_inst/O
                         net (fo=58, routed)          1.827     5.901    fsm_inst/clk
    RAMB18_X5Y36         RAMB18E1                                     r  fsm_inst/raw_code_reg/CLKARDCLK
  -------------------------------------------------------------------    -------------------
    RAMB18_X5Y36         RAMB18E1 (Prop_ramb18e1_CLKARDCLK_DOADO[3])
                                                      2.454     8.355 r  fsm_inst/raw_code_reg/DOADO[3]
                         net (fo=1, routed)           2.334    10.689    ascii_out_OBUF[3]
    T10                  OBUF (Prop_obuf_I_O)         3.598    14.287 r  ascii_out_OBUF[3]_inst/O
                         net (fo=0)                   0.000    14.287    ascii_out[3]
    T10                                                               r  ascii_out[3] (OUT)
  -------------------------------------------------------------------    -------------------

Slack:                    inf
  Source:                 fsm_inst/raw_code_reg/CLKARDCLK
                            (rising edge-triggered cell RAMB18E1 clocked by sys_clk_pin  {rise@0.000ns fall@4.000ns period=8.000ns})
  Destination:            ascii_out[6]
                            (output port)
  Path Group:             (none)
  Path Type:              Max at Slow Process Corner
  Data Path Delay:        8.189ns  (logic 6.055ns (73.948%)  route 2.133ns (26.052%))
  Logic Levels:           1  (OBUF=1)
  Clock Uncertainty:      0.025ns  ((TSJ^2 + TIJ^2)^1/2 + DJ) / 2 + PE
    Total System Jitter     (TSJ):    0.050ns
    Total Input Jitter      (TIJ):    0.000ns
    Discrete Jitter          (DJ):    0.000ns
    Phase Error              (PE):    0.000ns

    Location             Delay type                Incr(ns)  Path(ns)    Netlist Resource(s)
  -------------------------------------------------------------------    -------------------
                         (clock sys_clk_pin rise edge)
                                                      0.000     0.000 r  
    H16                                               0.000     0.000 r  sys_clk (IN)
                         net (fo=0)                   0.000     0.000    sys_clk
    H16                  IBUF (Prop_ibuf_I_O)         1.451     1.451 r  sys_clk_IBUF_inst/O
                         net (fo=1, routed)           2.522     3.973    sys_clk_IBUF
    BUFGCTRL_X0Y16       BUFG (Prop_bufg_I_O)         0.101     4.074 r  sys_clk_IBUF_BUFG_inst/O
                         net (fo=58, routed)          1.827     5.901    fsm_inst/clk
    RAMB18_X5Y36         RAMB18E1                                     r  fsm_inst/raw_code_reg/CLKARDCLK
  -------------------------------------------------------------------    -------------------
    RAMB18_X5Y36         RAMB18E1 (Prop_ramb18e1_CLKARDCLK_DOADO[6])
                                                      2.454     8.355 r  fsm_inst/raw_code_reg/DOADO[6]
                         net (fo=1, routed)           2.133    10.488    ascii_out_OBUF[6]
    V12                  OBUF (Prop_obuf_I_O)         3.601    14.090 r  ascii_out_OBUF[6]_inst/O
                         net (fo=0)                   0.000    14.090    ascii_out[6]
    V12                                                               r  ascii_out[6] (OUT)
  -------------------------------------------------------------------    -------------------

Slack:                    inf
  Source:                 fsm_inst/char_ready_reg/C
                            (rising edge-triggered cell FDRE clocked by sys_clk_pin  {rise@0.000ns fall@4.000ns period=8.000ns})
  Destination:            ready_flag
                            (output port)
  Path Group:             (none)
  Path Type:              Max at Slow Process Corner
  Data Path Delay:        5.667ns  (logic 3.986ns (70.333%)  route 1.681ns (29.667%))
  Logic Levels:           1  (OBUF=1)
  Clock Uncertainty:      0.025ns  ((TSJ^2 + TIJ^2)^1/2 + DJ) / 2 + PE
    Total System Jitter     (TSJ):    0.050ns
    Total Input Jitter      (TIJ):    0.000ns
    Discrete Jitter          (DJ):    0.000ns
    Phase Error              (PE):    0.000ns

    Location             Delay type                Incr(ns)  Path(ns)    Netlist Resource(s)
  -------------------------------------------------------------------    -------------------
                         (clock sys_clk_pin rise edge)
                                                      0.000     0.000 r  
    H16                                               0.000     0.000 r  sys_clk (IN)
                         net (fo=0)                   0.000     0.000    sys_clk
    H16                  IBUF (Prop_ibuf_I_O)         1.451     1.451 r  sys_clk_IBUF_inst/O
                         net (fo=1, routed)           2.522     3.973    sys_clk_IBUF
    BUFGCTRL_X0Y16       BUFG (Prop_bufg_I_O)         0.101     4.074 r  sys_clk_IBUF_BUFG_inst/O
                         net (fo=58, routed)          1.859     5.933    fsm_inst/clk
    SLICE_X106Y87        FDRE                                         r  fsm_inst/char_ready_reg/C
  -------------------------------------------------------------------    -------------------
    SLICE_X106Y87        FDRE (Prop_fdre_C_Q)         0.456     6.389 r  fsm_inst/char_ready_reg/Q
                         net (fo=1, routed)           1.681     8.070    ready_flag_OBUF
    R14                  OBUF (Prop_obuf_I_O)         3.530    11.600 r  ready_flag_OBUF_inst/O
                         net (fo=0)                   0.000    11.600    ready_flag
    R14                                                               r  ready_flag (OUT)
  -------------------------------------------------------------------    -------------------





Min Delay Paths
--------------------------------------------------------------------------------------
Slack:                    inf
  Source:                 fsm_inst/char_ready_reg/C
                            (rising edge-triggered cell FDRE clocked by sys_clk_pin  {rise@0.000ns fall@4.000ns period=8.000ns})
  Destination:            ready_flag
                            (output port)
  Path Group:             (none)
  Path Type:              Min at Fast Process Corner
  Data Path Delay:        1.701ns  (logic 1.372ns (80.645%)  route 0.329ns (19.355%))
  Logic Levels:           1  (OBUF=1)
  Clock Uncertainty:      0.025ns  ((TSJ^2 + TIJ^2)^1/2 + DJ) / 2 + PE
    Total System Jitter     (TSJ):    0.050ns
    Total Input Jitter      (TIJ):    0.000ns
    Discrete Jitter          (DJ):    0.000ns
    Phase Error              (PE):    0.000ns

    Location             Delay type                Incr(ns)  Path(ns)    Netlist Resource(s)
  -------------------------------------------------------------------    -------------------
                         (clock sys_clk_pin rise edge)
                                                      0.000     0.000 r  
    H16                                               0.000     0.000 r  sys_clk (IN)
                         net (fo=0)                   0.000     0.000    sys_clk
    H16                  IBUF (Prop_ibuf_I_O)         0.219     0.219 r  sys_clk_IBUF_inst/O
                         net (fo=1, routed)           0.842     1.060    sys_clk_IBUF
    BUFGCTRL_X0Y16       BUFG (Prop_bufg_I_O)         0.026     1.086 r  sys_clk_IBUF_BUFG_inst/O
                         net (fo=58, routed)          0.632     1.718    fsm_inst/clk
    SLICE_X106Y87        FDRE                                         r  fsm_inst/char_ready_reg/C
  -------------------------------------------------------------------    -------------------
    SLICE_X106Y87        FDRE (Prop_fdre_C_Q)         0.141     1.859 r  fsm_inst/char_ready_reg/Q
                         net (fo=1, routed)           0.329     2.188    ready_flag_OBUF
    R14                  OBUF (Prop_obuf_I_O)         1.231     3.419 r  ready_flag_OBUF_inst/O
                         net (fo=0)                   0.000     3.419    ready_flag
    R14                                                               r  ready_flag (OUT)
  -------------------------------------------------------------------    -------------------

Slack:                    inf
  Source:                 fsm_inst/raw_code_reg/CLKARDCLK
                            (rising edge-triggered cell RAMB18E1 clocked by sys_clk_pin  {rise@0.000ns fall@4.000ns period=8.000ns})
  Destination:            ascii_out[6]
                            (output port)
  Path Group:             (none)
  Path Type:              Min at Fast Process Corner
  Data Path Delay:        2.451ns  (logic 1.886ns (76.973%)  route 0.564ns (23.027%))
  Logic Levels:           1  (OBUF=1)
  Clock Uncertainty:      0.025ns  ((TSJ^2 + TIJ^2)^1/2 + DJ) / 2 + PE
    Total System Jitter     (TSJ):    0.050ns
    Total Input Jitter      (TIJ):    0.000ns
    Discrete Jitter          (DJ):    0.000ns
    Phase Error              (PE):    0.000ns

    Location             Delay type                Incr(ns)  Path(ns)    Netlist Resource(s)
  -------------------------------------------------------------------    -------------------
                         (clock sys_clk_pin rise edge)
                                                      0.000     0.000 r  
    H16                                               0.000     0.000 r  sys_clk (IN)
                         net (fo=0)                   0.000     0.000    sys_clk
    H16                  IBUF (Prop_ibuf_I_O)         0.219     0.219 r  sys_clk_IBUF_inst/O
                         net (fo=1, routed)           0.842     1.060    sys_clk_IBUF
    BUFGCTRL_X0Y16       BUFG (Prop_bufg_I_O)         0.026     1.086 r  sys_clk_IBUF_BUFG_inst/O
                         net (fo=58, routed)          0.650     1.737    fsm_inst/clk
    RAMB18_X5Y36         RAMB18E1                                     r  fsm_inst/raw_code_reg/CLKARDCLK
  -------------------------------------------------------------------    -------------------
    RAMB18_X5Y36         RAMB18E1 (Prop_ramb18e1_CLKARDCLK_DOADO[6])
                                                      0.585     2.322 r  fsm_inst/raw_code_reg/DOADO[6]
                         net (fo=1, routed)           0.564     2.886    ascii_out_OBUF[6]
    V12                  OBUF (Prop_obuf_I_O)         1.301     4.187 r  ascii_out_OBUF[6]_inst/O
                         net (fo=0)                   0.000     4.187    ascii_out[6]
    V12                                                               r  ascii_out[6] (OUT)
  -------------------------------------------------------------------    -------------------

Slack:                    inf
  Source:                 fsm_inst/raw_code_reg/CLKARDCLK
                            (rising edge-triggered cell RAMB18E1 clocked by sys_clk_pin  {rise@0.000ns fall@4.000ns period=8.000ns})
  Destination:            ascii_out[3]
                            (output port)
  Path Group:             (none)
  Path Type:              Min at Fast Process Corner
  Data Path Delay:        2.532ns  (logic 1.883ns (74.368%)  route 0.649ns (25.632%))
  Logic Levels:           1  (OBUF=1)
  Clock Uncertainty:      0.025ns  ((TSJ^2 + TIJ^2)^1/2 + DJ) / 2 + PE
    Total System Jitter     (TSJ):    0.050ns
    Total Input Jitter      (TIJ):    0.000ns
    Discrete Jitter          (DJ):    0.000ns
    Phase Error              (PE):    0.000ns

    Location             Delay type                Incr(ns)  Path(ns)    Netlist Resource(s)
  -------------------------------------------------------------------    -------------------
                         (clock sys_clk_pin rise edge)
                                                      0.000     0.000 r  
    H16                                               0.000     0.000 r  sys_clk (IN)
                         net (fo=0)                   0.000     0.000    sys_clk
    H16                  IBUF (Prop_ibuf_I_O)         0.219     0.219 r  sys_clk_IBUF_inst/O
                         net (fo=1, routed)           0.842     1.060    sys_clk_IBUF
    BUFGCTRL_X0Y16       BUFG (Prop_bufg_I_O)         0.026     1.086 r  sys_clk_IBUF_BUFG_inst/O
                         net (fo=58, routed)          0.650     1.737    fsm_inst/clk
    RAMB18_X5Y36         RAMB18E1                                     r  fsm_inst/raw_code_reg/CLKARDCLK
  -------------------------------------------------------------------    -------------------
    RAMB18_X5Y36         RAMB18E1 (Prop_ramb18e1_CLKARDCLK_DOADO[3])
                                                      0.585     2.322 r  fsm_inst/raw_code_reg/DOADO[3]
                         net (fo=1, routed)           0.649     2.971    ascii_out_OBUF[3]
    T10                  OBUF (Prop_obuf_I_O)         1.298     4.269 r  ascii_out_OBUF[3]_inst/O
                         net (fo=0)                   0.000     4.269    ascii_out[3]
    T10                                                               r  ascii_out[3] (OUT)
  -------------------------------------------------------------------    -------------------

Slack:                    inf
  Source:                 fsm_inst/raw_code_reg/CLKARDCLK
                            (rising edge-triggered cell RAMB18E1 clocked by sys_clk_pin  {rise@0.000ns fall@4.000ns period=8.000ns})
  Destination:            ascii_out[2]
                            (output port)
  Path Group:             (none)
  Path Type:              Min at Fast Process Corner
  Data Path Delay:        2.564ns  (logic 1.890ns (73.714%)  route 0.674ns (26.286%))
  Logic Levels:           1  (OBUF=1)
  Clock Uncertainty:      0.025ns  ((TSJ^2 + TIJ^2)^1/2 + DJ) / 2 + PE
    Total System Jitter     (TSJ):    0.050ns
    Total Input Jitter      (TIJ):    0.000ns
    Discrete Jitter          (DJ):    0.000ns
    Phase Error              (PE):    0.000ns

    Location             Delay type                Incr(ns)  Path(ns)    Netlist Resource(s)
  -------------------------------------------------------------------    -------------------
                         (clock sys_clk_pin rise edge)
                                                      0.000     0.000 r  
    H16                                               0.000     0.000 r  sys_clk (IN)
                         net (fo=0)                   0.000     0.000    sys_clk
    H16                  IBUF (Prop_ibuf_I_O)         0.219     0.219 r  sys_clk_IBUF_inst/O
                         net (fo=1, routed)           0.842     1.060    sys_clk_IBUF
    BUFGCTRL_X0Y16       BUFG (Prop_bufg_I_O)         0.026     1.086 r  sys_clk_IBUF_BUFG_inst/O
                         net (fo=58, routed)          0.650     1.737    fsm_inst/clk
    RAMB18_X5Y36         RAMB18E1                                     r  fsm_inst/raw_code_reg/CLKARDCLK
  -------------------------------------------------------------------    -------------------
    RAMB18_X5Y36         RAMB18E1 (Prop_ramb18e1_CLKARDCLK_DOADO[2])
                                                      0.585     2.322 r  fsm_inst/raw_code_reg/DOADO[2]
                         net (fo=1, routed)           0.674     2.996    ascii_out_OBUF[2]
    T11                  OBUF (Prop_obuf_I_O)         1.305     4.300 r  ascii_out_OBUF[2]_inst/O
                         net (fo=0)                   0.000     4.300    ascii_out[2]
    T11                                                               r  ascii_out[2] (OUT)
  -------------------------------------------------------------------    -------------------

Slack:                    inf
  Source:                 fsm_inst/raw_code_reg/CLKARDCLK
                            (rising edge-triggered cell RAMB18E1 clocked by sys_clk_pin  {rise@0.000ns fall@4.000ns period=8.000ns})
  Destination:            ascii_out[1]
                            (output port)
  Path Group:             (none)
  Path Type:              Min at Fast Process Corner
  Data Path Delay:        2.580ns  (logic 1.928ns (74.732%)  route 0.652ns (25.268%))
  Logic Levels:           1  (OBUF=1)
  Clock Uncertainty:      0.025ns  ((TSJ^2 + TIJ^2)^1/2 + DJ) / 2 + PE
    Total System Jitter     (TSJ):    0.050ns
    Total Input Jitter      (TIJ):    0.000ns
    Discrete Jitter          (DJ):    0.000ns
    Phase Error              (PE):    0.000ns

    Location             Delay type                Incr(ns)  Path(ns)    Netlist Resource(s)
  -------------------------------------------------------------------    -------------------
                         (clock sys_clk_pin rise edge)
                                                      0.000     0.000 r  
    H16                                               0.000     0.000 r  sys_clk (IN)
                         net (fo=0)                   0.000     0.000    sys_clk
    H16                  IBUF (Prop_ibuf_I_O)         0.219     0.219 r  sys_clk_IBUF_inst/O
                         net (fo=1, routed)           0.842     1.060    sys_clk_IBUF
    BUFGCTRL_X0Y16       BUFG (Prop_bufg_I_O)         0.026     1.086 r  sys_clk_IBUF_BUFG_inst/O
                         net (fo=58, routed)          0.650     1.737    fsm_inst/clk
    RAMB18_X5Y36         RAMB18E1                                     r  fsm_inst/raw_code_reg/CLKARDCLK
  -------------------------------------------------------------------    -------------------
    RAMB18_X5Y36         RAMB18E1 (Prop_ramb18e1_CLKARDCLK_DOADO[1])
                                                      0.585     2.322 r  fsm_inst/raw_code_reg/DOADO[1]
                         net (fo=1, routed)           0.652     2.974    ascii_out_OBUF[1]
    Y14                  OBUF (Prop_obuf_I_O)         1.343     4.317 r  ascii_out_OBUF[1]_inst/O
                         net (fo=0)                   0.000     4.317    ascii_out[1]
    Y14                                                               r  ascii_out[1] (OUT)
  -------------------------------------------------------------------    -------------------

Slack:                    inf
  Source:                 fsm_inst/raw_code_reg/CLKARDCLK
                            (rising edge-triggered cell RAMB18E1 clocked by sys_clk_pin  {rise@0.000ns fall@4.000ns period=8.000ns})
  Destination:            ascii_out[0]
                            (output port)
  Path Group:             (none)
  Path Type:              Min at Fast Process Corner
  Data Path Delay:        2.589ns  (logic 1.940ns (74.913%)  route 0.650ns (25.087%))
  Logic Levels:           1  (OBUF=1)
  Clock Uncertainty:      0.025ns  ((TSJ^2 + TIJ^2)^1/2 + DJ) / 2 + PE
    Total System Jitter     (TSJ):    0.050ns
    Total Input Jitter      (TIJ):    0.000ns
    Discrete Jitter          (DJ):    0.000ns
    Phase Error              (PE):    0.000ns

    Location             Delay type                Incr(ns)  Path(ns)    Netlist Resource(s)
  -------------------------------------------------------------------    -------------------
                         (clock sys_clk_pin rise edge)
                                                      0.000     0.000 r  
    H16                                               0.000     0.000 r  sys_clk (IN)
                         net (fo=0)                   0.000     0.000    sys_clk
    H16                  IBUF (Prop_ibuf_I_O)         0.219     0.219 r  sys_clk_IBUF_inst/O
                         net (fo=1, routed)           0.842     1.060    sys_clk_IBUF
    BUFGCTRL_X0Y16       BUFG (Prop_bufg_I_O)         0.026     1.086 r  sys_clk_IBUF_BUFG_inst/O
                         net (fo=58, routed)          0.650     1.737    fsm_inst/clk
    RAMB18_X5Y36         RAMB18E1                                     r  fsm_inst/raw_code_reg/CLKARDCLK
  -------------------------------------------------------------------    -------------------
    RAMB18_X5Y36         RAMB18E1 (Prop_ramb18e1_CLKARDCLK_DOADO[0])
                                                      0.585     2.322 r  fsm_inst/raw_code_reg/DOADO[0]
                         net (fo=1, routed)           0.650     2.971    ascii_out_OBUF[0]
    W14                  OBUF (Prop_obuf_I_O)         1.355     4.326 r  ascii_out_OBUF[0]_inst/O
                         net (fo=0)                   0.000     4.326    ascii_out[0]
    W14                                                               r  ascii_out[0] (OUT)
  -------------------------------------------------------------------    -------------------

Slack:                    inf
  Source:                 fsm_inst/raw_code_reg/CLKARDCLK
                            (rising edge-triggered cell RAMB18E1 clocked by sys_clk_pin  {rise@0.000ns fall@4.000ns period=8.000ns})
  Destination:            ascii_out[4]
                            (output port)
  Path Group:             (none)
  Path Type:              Min at Fast Process Corner
  Data Path Delay:        2.804ns  (logic 1.839ns (65.582%)  route 0.965ns (34.418%))
  Logic Levels:           1  (OBUF=1)
  Clock Uncertainty:      0.025ns  ((TSJ^2 + TIJ^2)^1/2 + DJ) / 2 + PE
    Total System Jitter     (TSJ):    0.050ns
    Total Input Jitter      (TIJ):    0.000ns
    Discrete Jitter          (DJ):    0.000ns
    Phase Error              (PE):    0.000ns

    Location             Delay type                Incr(ns)  Path(ns)    Netlist Resource(s)
  -------------------------------------------------------------------    -------------------
                         (clock sys_clk_pin rise edge)
                                                      0.000     0.000 r  
    H16                                               0.000     0.000 r  sys_clk (IN)
                         net (fo=0)                   0.000     0.000    sys_clk
    H16                  IBUF (Prop_ibuf_I_O)         0.219     0.219 r  sys_clk_IBUF_inst/O
                         net (fo=1, routed)           0.842     1.060    sys_clk_IBUF
    BUFGCTRL_X0Y16       BUFG (Prop_bufg_I_O)         0.026     1.086 r  sys_clk_IBUF_BUFG_inst/O
                         net (fo=58, routed)          0.650     1.737    fsm_inst/clk
    RAMB18_X5Y36         RAMB18E1                                     r  fsm_inst/raw_code_reg/CLKARDCLK
  -------------------------------------------------------------------    -------------------
    RAMB18_X5Y36         RAMB18E1 (Prop_ramb18e1_CLKARDCLK_DOADO[4])
                                                      0.585     2.322 r  fsm_inst/raw_code_reg/DOADO[4]
                         net (fo=1, routed)           0.965     3.287    ascii_out_OBUF[4]
    V16                  OBUF (Prop_obuf_I_O)         1.254     4.540 r  ascii_out_OBUF[4]_inst/O
                         net (fo=0)                   0.000     4.540    ascii_out[4]
    V16                                                               r  ascii_out[4] (OUT)
  -------------------------------------------------------------------    -------------------

Slack:                    inf
  Source:                 fsm_inst/raw_code_reg/CLKARDCLK
                            (rising edge-triggered cell RAMB18E1 clocked by sys_clk_pin  {rise@0.000ns fall@4.000ns period=8.000ns})
  Destination:            ascii_out[5]
                            (output port)
  Path Group:             (none)
  Path Type:              Min at Fast Process Corner
  Data Path Delay:        2.869ns  (logic 1.839ns (64.108%)  route 1.030ns (35.892%))
  Logic Levels:           1  (OBUF=1)
  Clock Uncertainty:      0.025ns  ((TSJ^2 + TIJ^2)^1/2 + DJ) / 2 + PE
    Total System Jitter     (TSJ):    0.050ns
    Total Input Jitter      (TIJ):    0.000ns
    Discrete Jitter          (DJ):    0.000ns
    Phase Error              (PE):    0.000ns

    Location             Delay type                Incr(ns)  Path(ns)    Netlist Resource(s)
  -------------------------------------------------------------------    -------------------
                         (clock sys_clk_pin rise edge)
                                                      0.000     0.000 r  
    H16                                               0.000     0.000 r  sys_clk (IN)
                         net (fo=0)                   0.000     0.000    sys_clk
    H16                  IBUF (Prop_ibuf_I_O)         0.219     0.219 r  sys_clk_IBUF_inst/O
                         net (fo=1, routed)           0.842     1.060    sys_clk_IBUF
    BUFGCTRL_X0Y16       BUFG (Prop_bufg_I_O)         0.026     1.086 r  sys_clk_IBUF_BUFG_inst/O
                         net (fo=58, routed)          0.650     1.737    fsm_inst/clk
    RAMB18_X5Y36         RAMB18E1                                     r  fsm_inst/raw_code_reg/CLKARDCLK
  -------------------------------------------------------------------    -------------------
    RAMB18_X5Y36         RAMB18E1 (Prop_ramb18e1_CLKARDCLK_DOADO[5])
                                                      0.585     2.322 r  fsm_inst/raw_code_reg/DOADO[5]
                         net (fo=1, routed)           1.030     3.351    ascii_out_OBUF[5]
    W16                  OBUF (Prop_obuf_I_O)         1.254     4.605 r  ascii_out_OBUF[5]_inst/O
                         net (fo=0)                   0.000     4.605    ascii_out[5]
    W16                                                               r  ascii_out[5] (OUT)
  -------------------------------------------------------------------    -------------------





--------------------------------------------------------------------------------------
Path Group:  (none)
From Clock:  
  To Clock:  sys_clk_pin

Max Delay            67 Endpoints
Min Delay            67 Endpoints
--------------------------------------------------------------------------------------


Max Delay Paths
--------------------------------------------------------------------------------------
Slack:                    inf
  Source:                 btn_rst
                            (input port)
  Destination:            fsm_inst/raw_code_reg/ADDRARDADDR[4]
                            (rising edge-triggered cell RAMB18E1 clocked by sys_clk_pin  {rise@0.000ns fall@4.000ns period=8.000ns})
  Path Group:             (none)
  Path Type:              Setup (Max at Slow Process Corner)
  Data Path Delay:        6.032ns  (logic 1.617ns (26.814%)  route 4.414ns (73.186%))
  Logic Levels:           2  (IBUF=1 LUT2=1)
  Clock Path Skew:        5.416ns (DCD - SCD + CPR)
    Destination Clock Delay (DCD):    5.416ns
    Source Clock Delay      (SCD):    0.000ns
    Clock Pessimism Removal (CPR):    0.000ns
  Clock Uncertainty:      0.025ns  ((TSJ^2 + TIJ^2)^1/2 + DJ) / 2 + PE
    Total System Jitter     (TSJ):    0.050ns
    Total Input Jitter      (TIJ):    0.000ns
    Discrete Jitter          (DJ):    0.000ns
    Phase Error              (PE):    0.000ns

    Location             Delay type                Incr(ns)  Path(ns)    Netlist Resource(s)
  -------------------------------------------------------------------    -------------------
    D19                                               0.000     0.000 f  btn_rst (IN)
                         net (fo=0)                   0.000     0.000    btn_rst
    D19                  IBUF (Prop_ibuf_I_O)         1.463     1.463 f  btn_rst_IBUF_inst/O
                         net (fo=66, routed)          3.444     4.907    fsm_inst/btn_rst_IBUF
    SLICE_X105Y90        LUT2 (Prop_lut2_I1_O)        0.154     5.061 r  fsm_inst/raw_code_reg_i_9/O
                         net (fo=1, routed)           0.971     6.032    fsm_inst/raw_code_reg_i_9_n_0
    RAMB18_X5Y36         RAMB18E1                                     r  fsm_inst/raw_code_reg/ADDRARDADDR[4]
  -------------------------------------------------------------------    -------------------

                         (clock sys_clk_pin rise edge)
                                                      0.000     0.000 r  
    H16                                               0.000     0.000 r  sys_clk (IN)
                         net (fo=0)                   0.000     0.000    sys_clk
    H16                  IBUF (Prop_ibuf_I_O)         1.380     1.380 r  sys_clk_IBUF_inst/O
                         net (fo=1, routed)           2.293     3.673    sys_clk_IBUF
    BUFGCTRL_X0Y16       BUFG (Prop_bufg_I_O)         0.091     3.764 r  sys_clk_IBUF_BUFG_inst/O
                         net (fo=58, routed)          1.651     5.416    fsm_inst/clk
    RAMB18_X5Y36         RAMB18E1                                     r  fsm_inst/raw_code_reg/CLKARDCLK

Slack:                    inf
  Source:                 btn_rst
                            (input port)
  Destination:            fsm_inst/raw_code_reg/ADDRARDADDR[10]
                            (rising edge-triggered cell RAMB18E1 clocked by sys_clk_pin  {rise@0.000ns fall@4.000ns period=8.000ns})
  Path Group:             (none)
  Path Type:              Setup (Max at Slow Process Corner)
  Data Path Delay:        5.948ns  (logic 1.587ns (26.689%)  route 4.360ns (73.311%))
  Logic Levels:           2  (IBUF=1 LUT2=1)
  Clock Path Skew:        5.416ns (DCD - SCD + CPR)
    Destination Clock Delay (DCD):    5.416ns
    Source Clock Delay      (SCD):    0.000ns
    Clock Pessimism Removal (CPR):    0.000ns
  Clock Uncertainty:      0.025ns  ((TSJ^2 + TIJ^2)^1/2 + DJ) / 2 + PE
    Total System Jitter     (TSJ):    0.050ns
    Total Input Jitter      (TIJ):    0.000ns
    Discrete Jitter          (DJ):    0.000ns
    Phase Error              (PE):    0.000ns

    Location             Delay type                Incr(ns)  Path(ns)    Netlist Resource(s)
  -------------------------------------------------------------------    -------------------
    D19                                               0.000     0.000 f  btn_rst (IN)
                         net (fo=0)                   0.000     0.000    btn_rst
    D19                  IBUF (Prop_ibuf_I_O)         1.463     1.463 f  btn_rst_IBUF_inst/O
                         net (fo=66, routed)          3.644     5.107    fsm_inst/btn_rst_IBUF
    SLICE_X105Y90        LUT2 (Prop_lut2_I1_O)        0.124     5.231 r  fsm_inst/raw_code_reg_i_3/O
                         net (fo=1, routed)           0.716     5.948    fsm_inst/raw_code_reg_i_3_n_0
    RAMB18_X5Y36         RAMB18E1                                     r  fsm_inst/raw_code_reg/ADDRARDADDR[10]
  -------------------------------------------------------------------    -------------------

                         (clock sys_clk_pin rise edge)
                                                      0.000     0.000 r  
    H16                                               0.000     0.000 r  sys_clk (IN)
                         net (fo=0)                   0.000     0.000    sys_clk
    H16                  IBUF (Prop_ibuf_I_O)         1.380     1.380 r  sys_clk_IBUF_inst/O
                         net (fo=1, routed)           2.293     3.673    sys_clk_IBUF
    BUFGCTRL_X0Y16       BUFG (Prop_bufg_I_O)         0.091     3.764 r  sys_clk_IBUF_BUFG_inst/O
                         net (fo=58, routed)          1.651     5.416    fsm_inst/clk
    RAMB18_X5Y36         RAMB18E1                                     r  fsm_inst/raw_code_reg/CLKARDCLK

Slack:                    inf
  Source:                 btn_rst
                            (input port)
  Destination:            fsm_inst/raw_code_reg/ADDRARDADDR[7]
                            (rising edge-triggered cell RAMB18E1 clocked by sys_clk_pin  {rise@0.000ns fall@4.000ns period=8.000ns})
  Path Group:             (none)
  Path Type:              Setup (Max at Slow Process Corner)
  Data Path Delay:        5.838ns  (logic 1.615ns (27.669%)  route 4.223ns (72.331%))
  Logic Levels:           2  (IBUF=1 LUT2=1)
  Clock Path Skew:        5.416ns (DCD - SCD + CPR)
    Destination Clock Delay (DCD):    5.416ns
    Source Clock Delay      (SCD):    0.000ns
    Clock Pessimism Removal (CPR):    0.000ns
  Clock Uncertainty:      0.025ns  ((TSJ^2 + TIJ^2)^1/2 + DJ) / 2 + PE
    Total System Jitter     (TSJ):    0.050ns
    Total Input Jitter      (TIJ):    0.000ns
    Discrete Jitter          (DJ):    0.000ns
    Phase Error              (PE):    0.000ns

    Location             Delay type                Incr(ns)  Path(ns)    Netlist Resource(s)
  -------------------------------------------------------------------    -------------------
    D19                                               0.000     0.000 f  btn_rst (IN)
                         net (fo=0)                   0.000     0.000    btn_rst
    D19                  IBUF (Prop_ibuf_I_O)         1.463     1.463 f  btn_rst_IBUF_inst/O
                         net (fo=66, routed)          3.644     5.107    fsm_inst/btn_rst_IBUF
    SLICE_X105Y90        LUT2 (Prop_lut2_I1_O)        0.152     5.259 r  fsm_inst/raw_code_reg_i_6/O
                         net (fo=1, routed)           0.579     5.838    fsm_inst/raw_code_reg_i_6_n_0
    RAMB18_X5Y36         RAMB18E1                                     r  fsm_inst/raw_code_reg/ADDRARDADDR[7]
  -------------------------------------------------------------------    -------------------

                         (clock sys_clk_pin rise edge)
                                                      0.000     0.000 r  
    H16                                               0.000     0.000 r  sys_clk (IN)
                         net (fo=0)                   0.000     0.000    sys_clk
    H16                  IBUF (Prop_ibuf_I_O)         1.380     1.380 r  sys_clk_IBUF_inst/O
                         net (fo=1, routed)           2.293     3.673    sys_clk_IBUF
    BUFGCTRL_X0Y16       BUFG (Prop_bufg_I_O)         0.091     3.764 r  sys_clk_IBUF_BUFG_inst/O
                         net (fo=58, routed)          1.651     5.416    fsm_inst/clk
    RAMB18_X5Y36         RAMB18E1                                     r  fsm_inst/raw_code_reg/CLKARDCLK

Slack:                    inf
  Source:                 btn_rst
                            (input port)
  Destination:            fsm_inst/raw_code_reg/ADDRARDADDR[11]
                            (rising edge-triggered cell RAMB18E1 clocked by sys_clk_pin  {rise@0.000ns fall@4.000ns period=8.000ns})
  Path Group:             (none)
  Path Type:              Setup (Max at Slow Process Corner)
  Data Path Delay:        5.798ns  (logic 1.620ns (27.948%)  route 4.177ns (72.052%))
  Logic Levels:           2  (IBUF=1 LUT2=1)
  Clock Path Skew:        5.416ns (DCD - SCD + CPR)
    Destination Clock Delay (DCD):    5.416ns
    Source Clock Delay      (SCD):    0.000ns
    Clock Pessimism Removal (CPR):    0.000ns
  Clock Uncertainty:      0.025ns  ((TSJ^2 + TIJ^2)^1/2 + DJ) / 2 + PE
    Total System Jitter     (TSJ):    0.050ns
    Total Input Jitter      (TIJ):    0.000ns
    Discrete Jitter          (DJ):    0.000ns
    Phase Error              (PE):    0.000ns

    Location             Delay type                Incr(ns)  Path(ns)    Netlist Resource(s)
  -------------------------------------------------------------------    -------------------
    D19                                               0.000     0.000 f  btn_rst (IN)
                         net (fo=0)                   0.000     0.000    btn_rst
    D19                  IBUF (Prop_ibuf_I_O)         1.463     1.463 f  btn_rst_IBUF_inst/O
                         net (fo=66, routed)          3.457     4.920    fsm_inst/btn_rst_IBUF
    SLICE_X104Y90        LUT2 (Prop_lut2_I1_O)        0.157     5.077 r  fsm_inst/raw_code_reg_i_2/O
                         net (fo=1, routed)           0.721     5.798    fsm_inst/raw_code_reg_i_2_n_0
    RAMB18_X5Y36         RAMB18E1                                     r  fsm_inst/raw_code_reg/ADDRARDADDR[11]
  -------------------------------------------------------------------    -------------------

                         (clock sys_clk_pin rise edge)
                                                      0.000     0.000 r  
    H16                                               0.000     0.000 r  sys_clk (IN)
                         net (fo=0)                   0.000     0.000    sys_clk
    H16                  IBUF (Prop_ibuf_I_O)         1.380     1.380 r  sys_clk_IBUF_inst/O
                         net (fo=1, routed)           2.293     3.673    sys_clk_IBUF
    BUFGCTRL_X0Y16       BUFG (Prop_bufg_I_O)         0.091     3.764 r  sys_clk_IBUF_BUFG_inst/O
                         net (fo=58, routed)          1.651     5.416    fsm_inst/clk
    RAMB18_X5Y36         RAMB18E1                                     r  fsm_inst/raw_code_reg/CLKARDCLK

Slack:                    inf
  Source:                 btn_rst
                            (input port)
  Destination:            fsm_inst/raw_code_reg/ADDRARDADDR[8]
                            (rising edge-triggered cell RAMB18E1 clocked by sys_clk_pin  {rise@0.000ns fall@4.000ns period=8.000ns})
  Path Group:             (none)
  Path Type:              Setup (Max at Slow Process Corner)
  Data Path Delay:        5.750ns  (logic 1.587ns (27.605%)  route 4.163ns (72.395%))
  Logic Levels:           2  (IBUF=1 LUT2=1)
  Clock Path Skew:        5.416ns (DCD - SCD + CPR)
    Destination Clock Delay (DCD):    5.416ns
    Source Clock Delay      (SCD):    0.000ns
    Clock Pessimism Removal (CPR):    0.000ns
  Clock Uncertainty:      0.025ns  ((TSJ^2 + TIJ^2)^1/2 + DJ) / 2 + PE
    Total System Jitter     (TSJ):    0.050ns
    Total Input Jitter      (TIJ):    0.000ns
    Discrete Jitter          (DJ):    0.000ns
    Phase Error              (PE):    0.000ns

    Location             Delay type                Incr(ns)  Path(ns)    Netlist Resource(s)
  -------------------------------------------------------------------    -------------------
    D19                                               0.000     0.000 f  btn_rst (IN)
                         net (fo=0)                   0.000     0.000    btn_rst
    D19                  IBUF (Prop_ibuf_I_O)         1.463     1.463 f  btn_rst_IBUF_inst/O
                         net (fo=66, routed)          3.444     4.907    fsm_inst/btn_rst_IBUF
    SLICE_X105Y90        LUT2 (Prop_lut2_I1_O)        0.124     5.031 r  fsm_inst/raw_code_reg_i_5/O
                         net (fo=1, routed)           0.719     5.750    fsm_inst/raw_code_reg_i_5_n_0
    RAMB18_X5Y36         RAMB18E1                                     r  fsm_inst/raw_code_reg/ADDRARDADDR[8]
  -------------------------------------------------------------------    -------------------

                         (clock sys_clk_pin rise edge)
                                                      0.000     0.000 r  
    H16                                               0.000     0.000 r  sys_clk (IN)
                         net (fo=0)                   0.000     0.000    sys_clk
    H16                  IBUF (Prop_ibuf_I_O)         1.380     1.380 r  sys_clk_IBUF_inst/O
                         net (fo=1, routed)           2.293     3.673    sys_clk_IBUF
    BUFGCTRL_X0Y16       BUFG (Prop_bufg_I_O)         0.091     3.764 r  sys_clk_IBUF_BUFG_inst/O
                         net (fo=58, routed)          1.651     5.416    fsm_inst/clk
    RAMB18_X5Y36         RAMB18E1                                     r  fsm_inst/raw_code_reg/CLKARDCLK

Slack:                    inf
  Source:                 btn_rst
                            (input port)
  Destination:            fsm_inst/raw_code_reg/ADDRARDADDR[9]
                            (rising edge-triggered cell RAMB18E1 clocked by sys_clk_pin  {rise@0.000ns fall@4.000ns period=8.000ns})
  Path Group:             (none)
  Path Type:              Setup (Max at Slow Process Corner)
  Data Path Delay:        5.635ns  (logic 1.587ns (28.169%)  route 4.048ns (71.831%))
  Logic Levels:           2  (IBUF=1 LUT2=1)
  Clock Path Skew:        5.416ns (DCD - SCD + CPR)
    Destination Clock Delay (DCD):    5.416ns
    Source Clock Delay      (SCD):    0.000ns
    Clock Pessimism Removal (CPR):    0.000ns
  Clock Uncertainty:      0.025ns  ((TSJ^2 + TIJ^2)^1/2 + DJ) / 2 + PE
    Total System Jitter     (TSJ):    0.050ns
    Total Input Jitter      (TIJ):    0.000ns
    Discrete Jitter          (DJ):    0.000ns
    Phase Error              (PE):    0.000ns

    Location             Delay type                Incr(ns)  Path(ns)    Netlist Resource(s)
  -------------------------------------------------------------------    -------------------
    D19                                               0.000     0.000 f  btn_rst (IN)
                         net (fo=0)                   0.000     0.000    btn_rst
    D19                  IBUF (Prop_ibuf_I_O)         1.463     1.463 f  btn_rst_IBUF_inst/O
                         net (fo=66, routed)          3.457     4.920    fsm_inst/btn_rst_IBUF
    SLICE_X104Y90        LUT2 (Prop_lut2_I1_O)        0.124     5.044 r  fsm_inst/raw_code_reg_i_4/O
                         net (fo=1, routed)           0.591     5.635    fsm_inst/raw_code_reg_i_4_n_0
    RAMB18_X5Y36         RAMB18E1                                     r  fsm_inst/raw_code_reg/ADDRARDADDR[9]
  -------------------------------------------------------------------    -------------------

                         (clock sys_clk_pin rise edge)
                                                      0.000     0.000 r  
    H16                                               0.000     0.000 r  sys_clk (IN)
                         net (fo=0)                   0.000     0.000    sys_clk
    H16                  IBUF (Prop_ibuf_I_O)         1.380     1.380 r  sys_clk_IBUF_inst/O
                         net (fo=1, routed)           2.293     3.673    sys_clk_IBUF
    BUFGCTRL_X0Y16       BUFG (Prop_bufg_I_O)         0.091     3.764 r  sys_clk_IBUF_BUFG_inst/O
                         net (fo=58, routed)          1.651     5.416    fsm_inst/clk
    RAMB18_X5Y36         RAMB18E1                                     r  fsm_inst/raw_code_reg/CLKARDCLK

Slack:                    inf
  Source:                 btn_rst
                            (input port)
  Destination:            fsm_inst/raw_code_reg/ADDRARDADDR[5]
                            (rising edge-triggered cell RAMB18E1 clocked by sys_clk_pin  {rise@0.000ns fall@4.000ns period=8.000ns})
  Path Group:             (none)
  Path Type:              Setup (Max at Slow Process Corner)
  Data Path Delay:        5.556ns  (logic 1.612ns (29.023%)  route 3.943ns (70.977%))
  Logic Levels:           2  (IBUF=1 LUT2=1)
  Clock Path Skew:        5.416ns (DCD - SCD + CPR)
    Destination Clock Delay (DCD):    5.416ns
    Source Clock Delay      (SCD):    0.000ns
    Clock Pessimism Removal (CPR):    0.000ns
  Clock Uncertainty:      0.025ns  ((TSJ^2 + TIJ^2)^1/2 + DJ) / 2 + PE
    Total System Jitter     (TSJ):    0.050ns
    Total Input Jitter      (TIJ):    0.000ns
    Discrete Jitter          (DJ):    0.000ns
    Phase Error              (PE):    0.000ns

    Location             Delay type                Incr(ns)  Path(ns)    Netlist Resource(s)
  -------------------------------------------------------------------    -------------------
    D19                                               0.000     0.000 f  btn_rst (IN)
                         net (fo=0)                   0.000     0.000    btn_rst
    D19                  IBUF (Prop_ibuf_I_O)         1.463     1.463 f  btn_rst_IBUF_inst/O
                         net (fo=66, routed)          3.221     4.684    fsm_inst/btn_rst_IBUF
    SLICE_X105Y90        LUT2 (Prop_lut2_I1_O)        0.149     4.833 r  fsm_inst/raw_code_reg_i_8/O
                         net (fo=1, routed)           0.723     5.556    fsm_inst/raw_code_reg_i_8_n_0
    RAMB18_X5Y36         RAMB18E1                                     r  fsm_inst/raw_code_reg/ADDRARDADDR[5]
  -------------------------------------------------------------------    -------------------

                         (clock sys_clk_pin rise edge)
                                                      0.000     0.000 r  
    H16                                               0.000     0.000 r  sys_clk (IN)
                         net (fo=0)                   0.000     0.000    sys_clk
    H16                  IBUF (Prop_ibuf_I_O)         1.380     1.380 r  sys_clk_IBUF_inst/O
                         net (fo=1, routed)           2.293     3.673    sys_clk_IBUF
    BUFGCTRL_X0Y16       BUFG (Prop_bufg_I_O)         0.091     3.764 r  sys_clk_IBUF_BUFG_inst/O
                         net (fo=58, routed)          1.651     5.416    fsm_inst/clk
    RAMB18_X5Y36         RAMB18E1                                     r  fsm_inst/raw_code_reg/CLKARDCLK

Slack:                    inf
  Source:                 btn_rst
                            (input port)
  Destination:            fsm_inst/raw_code_reg/ADDRARDADDR[6]
                            (rising edge-triggered cell RAMB18E1 clocked by sys_clk_pin  {rise@0.000ns fall@4.000ns period=8.000ns})
  Path Group:             (none)
  Path Type:              Setup (Max at Slow Process Corner)
  Data Path Delay:        5.525ns  (logic 1.587ns (28.730%)  route 3.938ns (71.270%))
  Logic Levels:           2  (IBUF=1 LUT2=1)
  Clock Path Skew:        5.416ns (DCD - SCD + CPR)
    Destination Clock Delay (DCD):    5.416ns
    Source Clock Delay      (SCD):    0.000ns
    Clock Pessimism Removal (CPR):    0.000ns
  Clock Uncertainty:      0.025ns  ((TSJ^2 + TIJ^2)^1/2 + DJ) / 2 + PE
    Total System Jitter     (TSJ):    0.050ns
    Total Input Jitter      (TIJ):    0.000ns
    Discrete Jitter          (DJ):    0.000ns
    Phase Error              (PE):    0.000ns

    Location             Delay type                Incr(ns)  Path(ns)    Netlist Resource(s)
  -------------------------------------------------------------------    -------------------
    D19                                               0.000     0.000 f  btn_rst (IN)
                         net (fo=0)                   0.000     0.000    btn_rst
    D19                  IBUF (Prop_ibuf_I_O)         1.463     1.463 f  btn_rst_IBUF_inst/O
                         net (fo=66, routed)          3.221     4.684    fsm_inst/btn_rst_IBUF
    SLICE_X105Y90        LUT2 (Prop_lut2_I1_O)        0.124     4.808 r  fsm_inst/raw_code_reg_i_7/O
                         net (fo=1, routed)           0.717     5.525    fsm_inst/raw_code_reg_i_7_n_0
    RAMB18_X5Y36         RAMB18E1                                     r  fsm_inst/raw_code_reg/ADDRARDADDR[6]
  -------------------------------------------------------------------    -------------------

                         (clock sys_clk_pin rise edge)
                                                      0.000     0.000 r  
    H16                                               0.000     0.000 r  sys_clk (IN)
                         net (fo=0)                   0.000     0.000    sys_clk
    H16                  IBUF (Prop_ibuf_I_O)         1.380     1.380 r  sys_clk_IBUF_inst/O
                         net (fo=1, routed)           2.293     3.673    sys_clk_IBUF
    BUFGCTRL_X0Y16       BUFG (Prop_bufg_I_O)         0.091     3.764 r  sys_clk_IBUF_BUFG_inst/O
                         net (fo=58, routed)          1.651     5.416    fsm_inst/clk
    RAMB18_X5Y36         RAMB18E1                                     r  fsm_inst/raw_code_reg/CLKARDCLK

Slack:                    inf
  Source:                 btn_rst
                            (input port)
  Destination:            fsm_inst/press_ms_reg[0]/R
                            (rising edge-triggered cell FDRE clocked by sys_clk_pin  {rise@0.000ns fall@4.000ns period=8.000ns})
  Path Group:             (none)
  Path Type:              Setup (Max at Slow Process Corner)
  Data Path Delay:        5.471ns  (logic 1.463ns (26.747%)  route 4.008ns (73.253%))
  Logic Levels:           1  (IBUF=1)
  Clock Path Skew:        5.443ns (DCD - SCD + CPR)
    Destination Clock Delay (DCD):    5.443ns
    Source Clock Delay      (SCD):    0.000ns
    Clock Pessimism Removal (CPR):    0.000ns
  Clock Uncertainty:      0.025ns  ((TSJ^2 + TIJ^2)^1/2 + DJ) / 2 + PE
    Total System Jitter     (TSJ):    0.050ns
    Total Input Jitter      (TIJ):    0.000ns
    Discrete Jitter          (DJ):    0.000ns
    Phase Error              (PE):    0.000ns

    Location             Delay type                Incr(ns)  Path(ns)    Netlist Resource(s)
  -------------------------------------------------------------------    -------------------
    D19                                               0.000     0.000 r  btn_rst (IN)
                         net (fo=0)                   0.000     0.000    btn_rst
    D19                  IBUF (Prop_ibuf_I_O)         1.463     1.463 r  btn_rst_IBUF_inst/O
                         net (fo=66, routed)          4.008     5.471    fsm_inst/btn_rst_IBUF
    SLICE_X108Y87        FDRE                                         r  fsm_inst/press_ms_reg[0]/R
  -------------------------------------------------------------------    -------------------

                         (clock sys_clk_pin rise edge)
                                                      0.000     0.000 r  
    H16                                               0.000     0.000 r  sys_clk (IN)
                         net (fo=0)                   0.000     0.000    sys_clk
    H16                  IBUF (Prop_ibuf_I_O)         1.380     1.380 r  sys_clk_IBUF_inst/O
                         net (fo=1, routed)           2.293     3.673    sys_clk_IBUF
    BUFGCTRL_X0Y16       BUFG (Prop_bufg_I_O)         0.091     3.764 r  sys_clk_IBUF_BUFG_inst/O
                         net (fo=58, routed)          1.679     5.443    fsm_inst/clk
    SLICE_X108Y87        FDRE                                         r  fsm_inst/press_ms_reg[0]/C

Slack:                    inf
  Source:                 btn_rst
                            (input port)
  Destination:            fsm_inst/press_ms_reg[9]/R
                            (rising edge-triggered cell FDRE clocked by sys_clk_pin  {rise@0.000ns fall@4.000ns period=8.000ns})
  Path Group:             (none)
  Path Type:              Setup (Max at Slow Process Corner)
  Data Path Delay:        5.471ns  (logic 1.463ns (26.747%)  route 4.008ns (73.253%))
  Logic Levels:           1  (IBUF=1)
  Clock Path Skew:        5.443ns (DCD - SCD + CPR)
    Destination Clock Delay (DCD):    5.443ns
    Source Clock Delay      (SCD):    0.000ns
    Clock Pessimism Removal (CPR):    0.000ns
  Clock Uncertainty:      0.025ns  ((TSJ^2 + TIJ^2)^1/2 + DJ) / 2 + PE
    Total System Jitter     (TSJ):    0.050ns
    Total Input Jitter      (TIJ):    0.000ns
    Discrete Jitter          (DJ):    0.000ns
    Phase Error              (PE):    0.000ns

    Location             Delay type                Incr(ns)  Path(ns)    Netlist Resource(s)
  -------------------------------------------------------------------    -------------------
    D19                                               0.000     0.000 r  btn_rst (IN)
                         net (fo=0)                   0.000     0.000    btn_rst
    D19                  IBUF (Prop_ibuf_I_O)         1.463     1.463 r  btn_rst_IBUF_inst/O
                         net (fo=66, routed)          4.008     5.471    fsm_inst/btn_rst_IBUF
    SLICE_X108Y87        FDRE                                         r  fsm_inst/press_ms_reg[9]/R
  -------------------------------------------------------------------    -------------------

                         (clock sys_clk_pin rise edge)
                                                      0.000     0.000 r  
    H16                                               0.000     0.000 r  sys_clk (IN)
                         net (fo=0)                   0.000     0.000    sys_clk
    H16                  IBUF (Prop_ibuf_I_O)         1.380     1.380 r  sys_clk_IBUF_inst/O
                         net (fo=1, routed)           2.293     3.673    sys_clk_IBUF
    BUFGCTRL_X0Y16       BUFG (Prop_bufg_I_O)         0.091     3.764 r  sys_clk_IBUF_BUFG_inst/O
                         net (fo=58, routed)          1.679     5.443    fsm_inst/clk
    SLICE_X108Y87        FDRE                                         r  fsm_inst/press_ms_reg[9]/C





Min Delay Paths
--------------------------------------------------------------------------------------
Slack:                    inf
  Source:                 btn_in
                            (input port)
  Destination:            sync_inst/sync0_reg/D
                            (rising edge-triggered cell FDCE clocked by sys_clk_pin  {rise@0.000ns fall@4.000ns period=8.000ns})
  Path Group:             (none)
  Path Type:              Hold (Min at Fast Process Corner)
  Data Path Delay:        0.925ns  (logic 0.292ns (31.589%)  route 0.633ns (68.411%))
  Logic Levels:           1  (IBUF=1)
  Clock Path Skew:        2.242ns (DCD - SCD - CPR)
    Destination Clock Delay (DCD):    2.242ns
    Source Clock Delay      (SCD):    0.000ns
    Clock Pessimism Removal (CPR):    -0.000ns

    Location             Delay type                Incr(ns)  Path(ns)    Netlist Resource(s)
  -------------------------------------------------------------------    -------------------
    Y18                                               0.000     0.000 r  btn_in (IN)
                         net (fo=0)                   0.000     0.000    btn_in
    Y18                  IBUF (Prop_ibuf_I_O)         0.292     0.292 r  btn_in_IBUF_inst/O
                         net (fo=1, routed)           0.633     0.925    sync_inst/btn_in_IBUF
    SLICE_X109Y86        FDCE                                         r  sync_inst/sync0_reg/D
  -------------------------------------------------------------------    -------------------

                         (clock sys_clk_pin rise edge)
                                                      0.000     0.000 r  
    H16                                               0.000     0.000 r  sys_clk (IN)
                         net (fo=0)                   0.000     0.000    sys_clk
    H16                  IBUF (Prop_ibuf_I_O)         0.406     0.406 r  sys_clk_IBUF_inst/O
                         net (fo=1, routed)           0.907     1.313    sys_clk_IBUF
    BUFGCTRL_X0Y16       BUFG (Prop_bufg_I_O)         0.029     1.342 r  sys_clk_IBUF_BUFG_inst/O
                         net (fo=58, routed)          0.900     2.242    sync_inst/clk
    SLICE_X109Y86        FDCE                                         r  sync_inst/sync0_reg/C

Slack:                    inf
  Source:                 btn_rst
                            (input port)
  Destination:            tick_inst/count_reg[0]/CLR
                            (removal check against rising-edge clock sys_clk_pin  {rise@0.000ns fall@4.000ns period=8.000ns})
  Path Group:             (none)
  Path Type:              Removal (Min at Fast Process Corner)
  Data Path Delay:        1.285ns  (logic 0.231ns (18.009%)  route 1.054ns (81.991%))
  Logic Levels:           1  (IBUF=1)
  Clock Path Skew:        2.246ns (DCD - SCD - CPR)
    Destination Clock Delay (DCD):    2.246ns
    Source Clock Delay      (SCD):    0.000ns
    Clock Pessimism Removal (CPR):    -0.000ns

    Location             Delay type                Incr(ns)  Path(ns)    Netlist Resource(s)
  -------------------------------------------------------------------    -------------------
    D19                                               0.000     0.000 f  btn_rst (IN)
                         net (fo=0)                   0.000     0.000    btn_rst
    D19                  IBUF (Prop_ibuf_I_O)         0.231     0.231 f  btn_rst_IBUF_inst/O
                         net (fo=66, routed)          1.054     1.285    tick_inst/btn_rst_IBUF
    SLICE_X108Y90        FDCE                                         f  tick_inst/count_reg[0]/CLR
  -------------------------------------------------------------------    -------------------

                         (clock sys_clk_pin rise edge)
                                                      0.000     0.000 r  
    H16                                               0.000     0.000 r  sys_clk (IN)
                         net (fo=0)                   0.000     0.000    sys_clk
    H16                  IBUF (Prop_ibuf_I_O)         0.406     0.406 r  sys_clk_IBUF_inst/O
                         net (fo=1, routed)           0.907     1.313    sys_clk_IBUF
    BUFGCTRL_X0Y16       BUFG (Prop_bufg_I_O)         0.029     1.342 r  sys_clk_IBUF_BUFG_inst/O
                         net (fo=58, routed)          0.904     2.246    tick_inst/clk
    SLICE_X108Y90        FDCE                                         r  tick_inst/count_reg[0]/C

Slack:                    inf
  Source:                 btn_rst
                            (input port)
  Destination:            tick_inst/count_reg[5]/CLR
                            (removal check against rising-edge clock sys_clk_pin  {rise@0.000ns fall@4.000ns period=8.000ns})
  Path Group:             (none)
  Path Type:              Removal (Min at Fast Process Corner)
  Data Path Delay:        1.285ns  (logic 0.231ns (18.009%)  route 1.054ns (81.991%))
  Logic Levels:           1  (IBUF=1)
  Clock Path Skew:        2.246ns (DCD - SCD - CPR)
    Destination Clock Delay (DCD):    2.246ns
    Source Clock Delay      (SCD):    0.000ns
    Clock Pessimism Removal (CPR):    -0.000ns

    Location             Delay type                Incr(ns)  Path(ns)    Netlist Resource(s)
  -------------------------------------------------------------------    -------------------
    D19                                               0.000     0.000 f  btn_rst (IN)
                         net (fo=0)                   0.000     0.000    btn_rst
    D19                  IBUF (Prop_ibuf_I_O)         0.231     0.231 f  btn_rst_IBUF_inst/O
                         net (fo=66, routed)          1.054     1.285    tick_inst/btn_rst_IBUF
    SLICE_X108Y90        FDCE                                         f  tick_inst/count_reg[5]/CLR
  -------------------------------------------------------------------    -------------------

                         (clock sys_clk_pin rise edge)
                                                      0.000     0.000 r  
    H16                                               0.000     0.000 r  sys_clk (IN)
                         net (fo=0)                   0.000     0.000    sys_clk
    H16                  IBUF (Prop_ibuf_I_O)         0.406     0.406 r  sys_clk_IBUF_inst/O
                         net (fo=1, routed)           0.907     1.313    sys_clk_IBUF
    BUFGCTRL_X0Y16       BUFG (Prop_bufg_I_O)         0.029     1.342 r  sys_clk_IBUF_BUFG_inst/O
                         net (fo=58, routed)          0.904     2.246    tick_inst/clk
    SLICE_X108Y90        FDCE                                         r  tick_inst/count_reg[5]/C

Slack:                    inf
  Source:                 btn_rst
                            (input port)
  Destination:            tick_inst/count_reg[6]/CLR
                            (removal check against rising-edge clock sys_clk_pin  {rise@0.000ns fall@4.000ns period=8.000ns})
  Path Group:             (none)
  Path Type:              Removal (Min at Fast Process Corner)
  Data Path Delay:        1.285ns  (logic 0.231ns (18.009%)  route 1.054ns (81.991%))
  Logic Levels:           1  (IBUF=1)
  Clock Path Skew:        2.246ns (DCD - SCD - CPR)
    Destination Clock Delay (DCD):    2.246ns
    Source Clock Delay      (SCD):    0.000ns
    Clock Pessimism Removal (CPR):    -0.000ns

    Location             Delay type                Incr(ns)  Path(ns)    Netlist Resource(s)
  -------------------------------------------------------------------    -------------------
    D19                                               0.000     0.000 f  btn_rst (IN)
                         net (fo=0)                   0.000     0.000    btn_rst
    D19                  IBUF (Prop_ibuf_I_O)         0.231     0.231 f  btn_rst_IBUF_inst/O
                         net (fo=66, routed)          1.054     1.285    tick_inst/btn_rst_IBUF
    SLICE_X108Y90        FDCE                                         f  tick_inst/count_reg[6]/CLR
  -------------------------------------------------------------------    -------------------

                         (clock sys_clk_pin rise edge)
                                                      0.000     0.000 r  
    H16                                               0.000     0.000 r  sys_clk (IN)
                         net (fo=0)                   0.000     0.000    sys_clk
    H16                  IBUF (Prop_ibuf_I_O)         0.406     0.406 r  sys_clk_IBUF_inst/O
                         net (fo=1, routed)           0.907     1.313    sys_clk_IBUF
    BUFGCTRL_X0Y16       BUFG (Prop_bufg_I_O)         0.029     1.342 r  sys_clk_IBUF_BUFG_inst/O
                         net (fo=58, routed)          0.904     2.246    tick_inst/clk
    SLICE_X108Y90        FDCE                                         r  tick_inst/count_reg[6]/C

Slack:                    inf
  Source:                 btn_rst
                            (input port)
  Destination:            fsm_inst/gap_ms_reg[1]/R
                            (rising edge-triggered cell FDRE clocked by sys_clk_pin  {rise@0.000ns fall@4.000ns period=8.000ns})
  Path Group:             (none)
  Path Type:              Hold (Min at Fast Process Corner)
  Data Path Delay:        1.401ns  (logic 0.231ns (16.514%)  route 1.170ns (83.486%))
  Logic Levels:           1  (IBUF=1)
  Clock Path Skew:        2.220ns (DCD - SCD - CPR)
    Destination Clock Delay (DCD):    2.220ns
    Source Clock Delay      (SCD):    0.000ns
    Clock Pessimism Removal (CPR):    -0.000ns

    Location             Delay type                Incr(ns)  Path(ns)    Netlist Resource(s)
  -------------------------------------------------------------------    -------------------
    D19                                               0.000     0.000 r  btn_rst (IN)
                         net (fo=0)                   0.000     0.000    btn_rst
    D19                  IBUF (Prop_ibuf_I_O)         0.231     0.231 r  btn_rst_IBUF_inst/O
                         net (fo=66, routed)          1.170     1.401    fsm_inst/btn_rst_IBUF
    SLICE_X104Y92        FDRE                                         r  fsm_inst/gap_ms_reg[1]/R
  -------------------------------------------------------------------    -------------------

                         (clock sys_clk_pin rise edge)
                                                      0.000     0.000 r  
    H16                                               0.000     0.000 r  sys_clk (IN)
                         net (fo=0)                   0.000     0.000    sys_clk
    H16                  IBUF (Prop_ibuf_I_O)         0.406     0.406 r  sys_clk_IBUF_inst/O
                         net (fo=1, routed)           0.907     1.313    sys_clk_IBUF
    BUFGCTRL_X0Y16       BUFG (Prop_bufg_I_O)         0.029     1.342 r  sys_clk_IBUF_BUFG_inst/O
                         net (fo=58, routed)          0.878     2.220    fsm_inst/clk
    SLICE_X104Y92        FDRE                                         r  fsm_inst/gap_ms_reg[1]/C

Slack:                    inf
  Source:                 btn_rst
                            (input port)
  Destination:            fsm_inst/gap_ms_reg[4]/R
                            (rising edge-triggered cell FDRE clocked by sys_clk_pin  {rise@0.000ns fall@4.000ns period=8.000ns})
  Path Group:             (none)
  Path Type:              Hold (Min at Fast Process Corner)
  Data Path Delay:        1.401ns  (logic 0.231ns (16.514%)  route 1.170ns (83.486%))
  Logic Levels:           1  (IBUF=1)
  Clock Path Skew:        2.220ns (DCD - SCD - CPR)
    Destination Clock Delay (DCD):    2.220ns
    Source Clock Delay      (SCD):    0.000ns
    Clock Pessimism Removal (CPR):    -0.000ns

    Location             Delay type                Incr(ns)  Path(ns)    Netlist Resource(s)
  -------------------------------------------------------------------    -------------------
    D19                                               0.000     0.000 r  btn_rst (IN)
                         net (fo=0)                   0.000     0.000    btn_rst
    D19                  IBUF (Prop_ibuf_I_O)         0.231     0.231 r  btn_rst_IBUF_inst/O
                         net (fo=66, routed)          1.170     1.401    fsm_inst/btn_rst_IBUF
    SLICE_X104Y92        FDRE                                         r  fsm_inst/gap_ms_reg[4]/R
  -------------------------------------------------------------------    -------------------

                         (clock sys_clk_pin rise edge)
                                                      0.000     0.000 r  
    H16                                               0.000     0.000 r  sys_clk (IN)
                         net (fo=0)                   0.000     0.000    sys_clk
    H16                  IBUF (Prop_ibuf_I_O)         0.406     0.406 r  sys_clk_IBUF_inst/O
                         net (fo=1, routed)           0.907     1.313    sys_clk_IBUF
    BUFGCTRL_X0Y16       BUFG (Prop_bufg_I_O)         0.029     1.342 r  sys_clk_IBUF_BUFG_inst/O
                         net (fo=58, routed)          0.878     2.220    fsm_inst/clk
    SLICE_X104Y92        FDRE                                         r  fsm_inst/gap_ms_reg[4]/C

Slack:                    inf
  Source:                 btn_rst
                            (input port)
  Destination:            fsm_inst/gap_ms_reg[5]/R
                            (rising edge-triggered cell FDRE clocked by sys_clk_pin  {rise@0.000ns fall@4.000ns period=8.000ns})
  Path Group:             (none)
  Path Type:              Hold (Min at Fast Process Corner)
  Data Path Delay:        1.401ns  (logic 0.231ns (16.514%)  route 1.170ns (83.486%))
  Logic Levels:           1  (IBUF=1)
  Clock Path Skew:        2.220ns (DCD - SCD - CPR)
    Destination Clock Delay (DCD):    2.220ns
    Source Clock Delay      (SCD):    0.000ns
    Clock Pessimism Removal (CPR):    -0.000ns

    Location             Delay type                Incr(ns)  Path(ns)    Netlist Resource(s)
  -------------------------------------------------------------------    -------------------
    D19                                               0.000     0.000 r  btn_rst (IN)
                         net (fo=0)                   0.000     0.000    btn_rst
    D19                  IBUF (Prop_ibuf_I_O)         0.231     0.231 r  btn_rst_IBUF_inst/O
                         net (fo=66, routed)          1.170     1.401    fsm_inst/btn_rst_IBUF
    SLICE_X105Y92        FDRE                                         r  fsm_inst/gap_ms_reg[5]/R
  -------------------------------------------------------------------    -------------------

                         (clock sys_clk_pin rise edge)
                                                      0.000     0.000 r  
    H16                                               0.000     0.000 r  sys_clk (IN)
                         net (fo=0)                   0.000     0.000    sys_clk
    H16                  IBUF (Prop_ibuf_I_O)         0.406     0.406 r  sys_clk_IBUF_inst/O
                         net (fo=1, routed)           0.907     1.313    sys_clk_IBUF
    BUFGCTRL_X0Y16       BUFG (Prop_bufg_I_O)         0.029     1.342 r  sys_clk_IBUF_BUFG_inst/O
                         net (fo=58, routed)          0.878     2.220    fsm_inst/clk
    SLICE_X105Y92        FDRE                                         r  fsm_inst/gap_ms_reg[5]/C

Slack:                    inf
  Source:                 btn_rst
                            (input port)
  Destination:            fsm_inst/gap_ms_reg[6]/R
                            (rising edge-triggered cell FDRE clocked by sys_clk_pin  {rise@0.000ns fall@4.000ns period=8.000ns})
  Path Group:             (none)
  Path Type:              Hold (Min at Fast Process Corner)
  Data Path Delay:        1.401ns  (logic 0.231ns (16.514%)  route 1.170ns (83.486%))
  Logic Levels:           1  (IBUF=1)
  Clock Path Skew:        2.220ns (DCD - SCD - CPR)
    Destination Clock Delay (DCD):    2.220ns
    Source Clock Delay      (SCD):    0.000ns
    Clock Pessimism Removal (CPR):    -0.000ns

    Location             Delay type                Incr(ns)  Path(ns)    Netlist Resource(s)
  -------------------------------------------------------------------    -------------------
    D19                                               0.000     0.000 r  btn_rst (IN)
                         net (fo=0)                   0.000     0.000    btn_rst
    D19                  IBUF (Prop_ibuf_I_O)         0.231     0.231 r  btn_rst_IBUF_inst/O
                         net (fo=66, routed)          1.170     1.401    fsm_inst/btn_rst_IBUF
    SLICE_X105Y92        FDRE                                         r  fsm_inst/gap_ms_reg[6]/R
  -------------------------------------------------------------------    -------------------

                         (clock sys_clk_pin rise edge)
                                                      0.000     0.000 r  
    H16                                               0.000     0.000 r  sys_clk (IN)
                         net (fo=0)                   0.000     0.000    sys_clk
    H16                  IBUF (Prop_ibuf_I_O)         0.406     0.406 r  sys_clk_IBUF_inst/O
                         net (fo=1, routed)           0.907     1.313    sys_clk_IBUF
    BUFGCTRL_X0Y16       BUFG (Prop_bufg_I_O)         0.029     1.342 r  sys_clk_IBUF_BUFG_inst/O
                         net (fo=58, routed)          0.878     2.220    fsm_inst/clk
    SLICE_X105Y92        FDRE                                         r  fsm_inst/gap_ms_reg[6]/C

Slack:                    inf
  Source:                 btn_rst
                            (input port)
  Destination:            fsm_inst/gap_ms_reg[7]/R
                            (rising edge-triggered cell FDRE clocked by sys_clk_pin  {rise@0.000ns fall@4.000ns period=8.000ns})
  Path Group:             (none)
  Path Type:              Hold (Min at Fast Process Corner)
  Data Path Delay:        1.401ns  (logic 0.231ns (16.514%)  route 1.170ns (83.486%))
  Logic Levels:           1  (IBUF=1)
  Clock Path Skew:        2.220ns (DCD - SCD - CPR)
    Destination Clock Delay (DCD):    2.220ns
    Source Clock Delay      (SCD):    0.000ns
    Clock Pessimism Removal (CPR):    -0.000ns

    Location             Delay type                Incr(ns)  Path(ns)    Netlist Resource(s)
  -------------------------------------------------------------------    -------------------
    D19                                               0.000     0.000 r  btn_rst (IN)
                         net (fo=0)                   0.000     0.000    btn_rst
    D19                  IBUF (Prop_ibuf_I_O)         0.231     0.231 r  btn_rst_IBUF_inst/O
                         net (fo=66, routed)          1.170     1.401    fsm_inst/btn_rst_IBUF
    SLICE_X105Y92        FDRE                                         r  fsm_inst/gap_ms_reg[7]/R
  -------------------------------------------------------------------    -------------------

                         (clock sys_clk_pin rise edge)
                                                      0.000     0.000 r  
    H16                                               0.000     0.000 r  sys_clk (IN)
                         net (fo=0)                   0.000     0.000    sys_clk
    H16                  IBUF (Prop_ibuf_I_O)         0.406     0.406 r  sys_clk_IBUF_inst/O
                         net (fo=1, routed)           0.907     1.313    sys_clk_IBUF
    BUFGCTRL_X0Y16       BUFG (Prop_bufg_I_O)         0.029     1.342 r  sys_clk_IBUF_BUFG_inst/O
                         net (fo=58, routed)          0.878     2.220    fsm_inst/clk
    SLICE_X105Y92        FDRE                                         r  fsm_inst/gap_ms_reg[7]/C

Slack:                    inf
  Source:                 btn_rst
                            (input port)
  Destination:            fsm_inst/gap_ms_reg[8]/R
                            (rising edge-triggered cell FDRE clocked by sys_clk_pin  {rise@0.000ns fall@4.000ns period=8.000ns})
  Path Group:             (none)
  Path Type:              Hold (Min at Fast Process Corner)
  Data Path Delay:        1.401ns  (logic 0.231ns (16.514%)  route 1.170ns (83.486%))
  Logic Levels:           1  (IBUF=1)
  Clock Path Skew:        2.220ns (DCD - SCD - CPR)
    Destination Clock Delay (DCD):    2.220ns
    Source Clock Delay      (SCD):    0.000ns
    Clock Pessimism Removal (CPR):    -0.000ns

    Location             Delay type                Incr(ns)  Path(ns)    Netlist Resource(s)
  -------------------------------------------------------------------    -------------------
    D19                                               0.000     0.000 r  btn_rst (IN)
                         net (fo=0)                   0.000     0.000    btn_rst
    D19                  IBUF (Prop_ibuf_I_O)         0.231     0.231 r  btn_rst_IBUF_inst/O
                         net (fo=66, routed)          1.170     1.401    fsm_inst/btn_rst_IBUF
    SLICE_X105Y92        FDRE                                         r  fsm_inst/gap_ms_reg[8]/R
  -------------------------------------------------------------------    -------------------

                         (clock sys_clk_pin rise edge)
                                                      0.000     0.000 r  
    H16                                               0.000     0.000 r  sys_clk (IN)
                         net (fo=0)                   0.000     0.000    sys_clk
    H16                  IBUF (Prop_ibuf_I_O)         0.406     0.406 r  sys_clk_IBUF_inst/O
                         net (fo=1, routed)           0.907     1.313    sys_clk_IBUF
    BUFGCTRL_X0Y16       BUFG (Prop_bufg_I_O)         0.029     1.342 r  sys_clk_IBUF_BUFG_inst/O
                         net (fo=58, routed)          0.878     2.220    fsm_inst/clk
    SLICE_X105Y92        FDRE                                         r  fsm_inst/gap_ms_reg[8]/C





